Nr;Firma;Marke;Kontaktperson;Position;Mobil;Telefon / Fax;WhatsApp / WeChat;E-Mail;Website;Adresse;Stadt;Provinz;Branche;Produkte;Typ;Notizen
1;Suzhou Alpha Robotics Co., Ltd;ALPHA;Fiona Fan (范丽娟);Sales Director MEA;+86 181 2157 5057;+86 512 5747 6881;;Fiona@alpharobotics.ai;www.alpharobotics.ai;4F-0, Phase III, SISPARK, Jinji Lake Avenue, Suzhou Industrial Park;Suzhou;Jiangsu;Service-Robotik / Autonome Roboter;Liefer-, Empfangs-, Sicherheits- und Industrieroboter;Hersteller;Standorte: Suzhou, Tokio, Pennsylvania
2;Zhejiang Sunseeker Industrial Co., Ltd;Sunseeker;Ice Fu;Sales and Project Manager;+86 137 3847 2386;;;ice.fu@sunseekerpower.cn;sunseekertech.com;988 Jinde Rd, Jiangdong Industrial Park;Jinhua;Zhejiang;Gartentechnik / Mährobotik;Mähroboter, Zubehör;Hersteller;
3;Greenline Casual;Greenline Casual;Mike Zhao;Sales Manager;+86 189 6730 9619;;WhatsApp: +86 189 6730 9619;mike@greenlinecasual.com;www.greenlinecasual.com;;;;Garten- / Outdoormöbel;Outdoor-Sofas, Tische, Stühle, Loungemöbel;Hersteller;Adresse nicht auf Karte
4;Guangdong Sunhut Industry Co., Ltd (Guangdong Sheng Bao Industrial Co., Ltd);SunHut;Nick Chow (周嘉朗);;+86 130 6647 6584;Tel: +86 757 2779 6448 / Fax: +86 757 2290 8730;WhatsApp: +86 130 6647 6584 / WeChat: L840905662;sales4@sunboind.com;;No.86 Hongqi Road, Ronggui Town, Shunde;Foshan;Guangdong;Outdoor-Küchen / Grilltechnik;Gas- und Elektrogrills, Pizzaöfen, Outdoor-Küchen;Hersteller;Zertifikate: CE, CSA, BSCI, GS, UKCA
5;Ningbo Yilin Aguatech Co., Ltd (宁波亿林节水科技股份有限公司);YILIN;Derek Sun (孙家栋);Sales Manager;+86 139 0668 5616;Tel: +86 574 8745 0066;;sales02@yilingarden.com;www.yilingarden.com;No.68 Zhongxia Road, Dongqiao Town, Haishu District, 315157;Ningbo;Zhejiang;Gartentechnik;Bewässerung / Gartenbewässerung;Hersteller;
6;Jiangsu Erlang Shen Plastic Co., Ltd;els pet;Roy Jiang;Business Leader;+86 199 6259 0528;Tel: +86 514 8215 1001;WeChat / WhatsApp per QR;roy@elspet.com;;Daqiao Town;Yangzhou;Jiangsu;Heimtierbedarf / Kunststoff;Haustierprodukte aus Kunststoff;Hersteller;
7;MOTOP;MOTOP;Sean;Sales Manager;+86 177 2108 1206;;WhatsApp per QR;sales01@cn-motop.com;www.cn-motop.com;;;;Motorradzubehör;Motorradzubehör, Anbauteile, Ersatzteile;Hersteller;Adresse nicht auf Karte
8;Guangxi Qinzhou Lishun Machinery Co., Ltd (广西钦州力顺机械有限公司);LISHUN 力顺汽车;Ellie (艾丽燕);Marketing Director;+86 184 1334 7300;+86 137 5745 5632;;"ellie@lyjiuhao.cn; jiuhao@lyjiuhao.cn";;Xiaojiang Industrial Park, East Nanzhu Avenue;Qinzhou;Guangxi;Fahrzeuge / Mobility / Automotive;Quads;Hersteller;Notiz: Quad
9;Taizhou Xiangyuan New Energy Technology Co., Ltd (台州市翔远新能源科技有限公司);JIAJI New Energy;Wendy Shu;Marketing Manager;+86 137 9926 4758;;WhatsApp / WeChat: +86 137 9926 4758;wendy@jiajiev.com;www.jiajiev.com;No.7 Golden Avenue, Metal Reproduction Base, Luqiao District;Taizhou;Zhejiang;Fahrzeuge / Mobility / Automotive;Elektrofahrzeuge;Hersteller;
10;Taizhou Xiangyuan New Energy Technology Co., Ltd (台州市翔远新能源科技有限公司);JIAJI New Energy;Mark Allen;Managing Director (gedruckt „Managing Directory“);+86 136 3253 0311;Service-Tel (Broschüre): +86 158 0451 2169;WhatsApp per QR;mark@ouloobikes.com;xiangyuan.top;No.7 Golden Avenue, Metal Reproduction Base, Luqiao District;Taizhou;Zhejiang;Fahrzeuge / Mobility / Automotive;Elektro-Kleinwagen (EEC/COC), E-Bikes;Hersteller;2. Kontakt derselben Firma
11;Dongguan TAILG Trading Co., Ltd;TAILG;Amanda Duan;Deputy Director of Overseas Sales;+86 158 1865 7384;;WeChat per QR;sales.df@tailg.com.cn;www.tailg.com;No.92 Fenghuang Road, Dalingshan Town;Dongguan;Guangdong;Fahrzeuge / Mobility / Automotive;E-Roller, E-Bikes;Hersteller;"Notiz: Roller / Bike; Werke: Dongguan, Wuxi, Huizhou, Tianjin, Chongqing, Guigang, Vietnam, Indonesien"
12;Yongkang Haohao Vehicle Co., Ltd (永康市昊昊车业有限公司);GDLK;Si Li (司丽);General Manager (总经理);+86 131 7553 1880;Tel: +86 579 8707 0746;WeChat per QR;sales@shsportmotor.com;www.shsportmotor.com;Kechuang Road 388, Halle 2 (浙江省金华市永康市科创路388号2号厂房);Yongkang (Jinhua);Zhejiang;Fahrzeuge / Mobility / Automotive;Quads;Hersteller;Notiz: Quad
13;Wuxi Slane Autocycle Co., Ltd;JIETONG AUTO;Andy Gong (巩亮);Sales Manager;+86 136 6517 2751;;WhatsApp: +86 136 6517 2751;andygong@slanechina.com;www.slanechina.com;118 Tongjiang Avenue, Liangxi District;Wuxi;Jiangsu;Fahrzeuge / Mobility / Automotive;Fahrzeuge / Zweiräder;Hersteller;
14;Cheng Shin Rubber (Xiamen) Ind., Ltd;CST Tires;Stacey Yin;Sales Representative;+86 176 0507 7057;Tel: +86 592 621 1606 Ext. 6434 / Fax: +86 592 621 4649;;staceyyin@email.csttires.com;www.csttires.com;No.15 Xibin Road, Xinglin, Jimei District;Xiamen;Fujian;Fahrzeuge / Mobility / Automotive;Reifen;Hersteller;Werk in China (Mutterkonzern Taiwan)
15;Shinco LED;Shinco LED;James Zhan;Sales Manager;+86 159 1435 0278;;;"shincolight@gmail.com; shincolight@126.com";www.shincolight.com;;;;Fahrzeuge / Mobility / Automotive;LED-Autoleuchten;Hersteller;Adresse nicht auf Karte
16;Guilin Sinomake Sci-Tech Development Co., Ltd (桂林施瑞德科技发展有限公司);SINOMAKE;Mary Jiang (蒋金凤);Sales Manager;+86 177 7885 8221;;WhatsApp / WeChat: +86 177 7885 8221;agustingrosso666@gmail.com;"www.sinomake.com; www.glsrd.com";No.101 University Park, Guimo Ave., Qixing District;Guilin;Guangxi;Fahrzeuge / Mobility / Automotive;Kfz-Achsvermessung (Werkstatttechnik);Hersteller;Notizen auf Karte: Auto-Achsvermessung, Wagenheber 80 €, 9.2F47 (vermutlich Standnummer)
17;Shanghai Balance Automotive Equipment Co., Ltd (Zweigstelle: Guangzhou Jingjia Auto Equipment Co., Ltd);Balanshi 巴兰仕;Whale Huang (黄靖愉);Sales Representative;+86 158 1378 0623;;;sales06@chinapuli.com;;Hauptsitz Shanghai, Zweigstelle Guangzhou;Shanghai;Shanghai;Fahrzeuge / Mobility / Automotive;Kfz-Werkstattausrüstung / Prüftechnik;Hersteller;Börsennotiert (920112)
18;Tianjin Promoting Medical Technology Co., Ltd;Promoting Medical;Fiona Zhou;Sales Manager;+86 137 8397 8553;;WhatsApp / WeChat: +86 137 8397 8553;sales4@promotingmedical.com;www.promotingmedical.com;Xiyingmen Street, Xiqing District;Tianjin;Tianjin;Fahrzeuge / Mobility / Automotive;Elektro-Kabinenroller, Elektro-Kleinwagen;Hersteller;Preisliste nennt auch Jinhua Promoting Technology Co., Ltd
19;Shenzhen Kixin Electronics Co., Ltd;KIXIN;Luna Lin;Sales Manager;+86 135 5489 5811;;WhatsApp / WeChat per QR;sales003@hx1000.com;www.szkixin.com;20th Floor, Chuangzhi Industry Building, Dalang Street, Longhua District;Shenzhen;Guangdong;Fahrzeuge / Mobility / Automotive;E-Bikes, E-Scooter (ODM / OEM);Hersteller;
20;Xiamen 3Plus Technology Co., Ltd;3PLUS MOTO;;;;;;sale@3plustech.cn;"www.3plusmoto.com; www.3plustech.cn";Office 601, Yibao Building, 328 Hubin South Road, Siming District;Xiamen;Fujian;Fahrzeuge / Mobility / Automotive;Elektro-Kleinlaster / E-Pickup (KH09, EEC/COC);Hersteller;Nur Broschüre, kein Ansprechpartner
21;Shandong Nuoman Engineering Machinery Co., Ltd;NUOMAN;Anna Pai;Distributor Sales Supervisor;+86 155 6474 6997;;WeChat: +86 155 6474 6997;anna@nuomanjx.com;;Yanzhou District;Jining;Shandong;Baumaschinen;Baumaschinen;Hersteller;
22;Shandong Nuoman Engineering Machinery Co., Ltd;NUOMAN;Helen Shen;Business Director;+86 156 5040 5997;;WeChat: +86 156 5040 5997;helen@nuomanjx.com;;Yanzhou District;Jining;Shandong;Baumaschinen;Baumaschinen;Hersteller;2. Kontakt derselben Firma
23;Shandong Nuoman Engineering Machinery Co., Ltd;NUOMAN;Bruce Hou;Distributor Sales Supervisor;+86 150 9263 2805;;WhatsApp per QR / WeChat: +86 150 9263 2805;brucehou001@gmail.com;;Yanzhou District;Jining;Shandong;Baumaschinen;Baumaschinen;Hersteller;3. Kontakt derselben Firma
24;Shandong Nuoman Engineering Machinery Co., Ltd;NUOMAN;Icey Wang;Business Manager;+86 150 9263 2710;;WhatsApp per QR / WeChat: +86 150 9263 2710;icey@sdwonway.com;;Yanzhou District;Jining;Shandong;Baumaschinen;Baumaschinen;Hersteller;"4. Kontakt derselben Firma; E-Mail-Domain sdwonway.com weicht vom Firmennamen ab"
25;Hightop Group (Shandong);HIGHTOP;Katrina Zhang;Manager;+86 157 9949 9423;;WhatsApp: +86 157 9949 9423;"sales133@hightoptools.com; sales139@sdchinamachine.com";www.hightopmachinery.com;Huoju Industrial Park, National High-tech Zone;Jining;Shandong;Baumaschinen;Bagger, Kompaktlader, Radlader, Walzen, Dumper;Hersteller;
26;Hightop Group (Shandong);HIGHTOP;Marie Yang;Sales Manager;+86 150 9273 9701;;WeChat / WhatsApp per QR;sales162@sdchinamachine.com;www.hightopmachinery.com;Huoju Industrial Park, National High-tech Zone;Jining;Shandong;Baumaschinen;Bagger, Kompaktlader, Radlader, Walzen, Dumper;Hersteller;2. Kontakt derselben Firma
27;Hightop Group (Shandong) (海拓集团);HIGHTOP;Wendy Wen;Manager;+86 136 8537 0337;Tel (Broschüre): +86 537 315 1560;WeChat: +86 136 8537 0337 / WhatsApp per QR;sales036@sinogoldmachine.com;www.hightopmachinery.com;No.66 Xinyuan Road, Rencheng District;Jining;Shandong;Baumaschinen;Bagger, Kompaktlader, Radlader, Walzen, Dumper;Hersteller;3. Kontakt derselben Firma
28;Shandong Leking Machinery Manufacturing Co., Ltd;LEKING;Cherry Gao;;+86 191 5710 7705;;WhatsApp: +86 191 5710 7705 / WeChat per QR;sales01@leking.net;www.leking.net;No.8 Shanbo Road, High-tech Zone;Jining;Shandong;Baumaschinen;Minibagger;Hersteller;
29;Shandong Luyu International Trade Co., Ltd;LUYU;Diana Zhao;Sales Manager;+86 187 9687 5112;Tel: +86 532 8577 8977;WhatsApp per QR;"diana@luyumachinery.com; info@luyumachinery.com";www.luyumachinery.com;No.10D, 160 Xuzhou Road, Shibei District;Qingdao;Shandong;Baumaschinen;Radlader, Bagger u. a.;Händler / Exporteur;
30;LTMG (临晟集团);LTMG;Candy Fu (付佳静);Sales Representative (业务专员);+86 195 3342 4726;;WhatsApp / WeChat per QR;candy@ltmg.com;;No.1 Jiahua Street, Industrial Cluster, Qiujiadian Town, Taishan District;Tai'an;Shandong;Baumaschinen;Baumaschinen, Gabelstapler;Hersteller;Vollständiger englischer Firmenname nicht gedruckt
31;ACE (Ningbo) Machinery (vermutet, Firmenname nicht gedruckt);…ASOK (Logo abgeschnitten);;;;Tel: +86 574 8829 6999;WhatsApp / WeChat: +86 132 9143 1134;info@ace-cnmachinery.com;www.nbacemach.com;;Ningbo;Zhejiang;Baumaschinen;Minibagger, Kompaktlader;Hersteller;"Nur Broschüre; Firmenname aus Domain abgeleitet, Marke teilweise abgeschnitten"
32;Xuzhou Hengxing Jinqiao Machinery Technology Co., Ltd;EVER STAR;Lucky Li;Sales Manager, International Trade Dept.;+86 195 5210 9073;;WhatsApp / WeChat per QR;everstar018@everstargroup.com;;No.4 Minjiang Road, The 2nd Industrial Park, Xuzhou High-Tech Industrial Development Zone;Xuzhou;Jiangsu;Baumaschinen / Flurförderzeuge;Verbrenner- und Elektrostapler, Schwerlaststapler, Hafengeräte, Lagertechnik, Radlader, Bagger, Baggerlader;Hersteller;Produktliste auf grüner Karte (vermutlich Rückseite)
33;Shanghai Jianye Heavy Industry Co., Ltd (上海建冶重工机械有限公司);Jianye;Lex Lee (李晓方);Foreign Trade Department;+86 182 2161 8592;;WeChat / WhatsApp: +86 182 2161 9852;"shjyzg1389@163.com; leewxf369@gmail.com";;1389 Jinqiao Rd., Pudong;Shanghai;Shanghai;Schwermaschinen;Schredder;Hersteller;Notiz: Schredder
34;Shanghai Jianye Heavy Industry Co., Ltd (上海建冶重工机械有限公司);JYM / Jianye;Jia Xiaotong (贾晓彤);Foreign Trade Department (外贸部);+86 139 1678 9736;;WhatsApp: +86 139 1678 9736 / WeChat: jxt087448;cn1214@163.com;;1389 Jinqiao Rd., Pudong;Shanghai;Shanghai;Schwermaschinen;Brecher, Siebanlagen (Bergbau), Schredder;Hersteller;2. Kontakt derselben Firma
35;Welift Machinery (Changzhou) Co., Ltd;WELIFTRICH;Sam Meng;Sales Manager;+86 189 0618 8842;Tel: +86 519 8321 1862 / Fax: +86 519 8321 1869;WhatsApp / WeChat: +86 189 0618 8842;sales@weliftrich.com;www.weliftrich.com;No.23 Middle Huashan Road, Xinbei District;Changzhou;Jiangsu;Flurförderzeuge;Hubwagen, Stapler, Hubarbeitsbühnen, Elektrofahrzeuge;Hersteller;"Preisliste (USD FOB Ningbo, Stückpreis / Menge): EPT-15C 24V Li 1500 kg $370 (20); EPT-15C 48V $530 (20); EPT-15D 24V $380 (20); EPT-20P 48V $540 (20); ES-15G Stapler 1500 kg 3 m $1.080 (10); ES-20G 2000 kg 3 m $1.450 (10); ES-15AS Mitfahr-Stapler $1.250 (10); ES-20ASE $1.550 (10); ES-20K 2000 kg 3 m Blei $2.400 (10); CPD-15FE E-Stapler 1,5 t $6.200 (3); CPD-20FE 2 t $6.900 (3); CPD-25FE 2,5 t $8.180 (3)"
36;Welift Machinery (Changzhou) Co., Ltd;WELIFTRICH;Kay;Senior Sales Engineer;+86 132 3519 6859;Tel: +86 519 8321 1869 / +86 519 8321 1862;WhatsApp / WeChat per QR;sales36@weliftrich.com;www.weliftrich.com;No.23 Middle Huashan Road, Xinbei District, 213000;Changzhou;Jiangsu;Flurförderzeuge;Hubwagen, Stapler, Hubarbeitsbühnen;Hersteller;2. Kontakt derselben Firma
37;Welift Machinery (Changzhou) Co., Ltd;WELIFTRICH;Savannah;Senior Sales Engineer;+86 180 5254 8332;Tel: +86 519 8321 1869 / Fax: +86 519 8321 1862;WhatsApp: +86 180 5254 8332 / WeChat per QR;sales021@weliftrich.com;www.weliftrich.com;No.23 Middle Huashan Road, Xinbei District, 213000;Changzhou;Jiangsu;Flurförderzeuge;Hubwagen, Stapler, Gabelstapler;Hersteller;"3. Kontakt derselben Firma; Name teilweise von Heftklammer verdeckt"
38;New Newton (Firmenname laut Broschüre „NEW NEWTON Product Manuals“);NEW NEWTON;Jack;;+86 150 0229 5838;;;jack@chinaxnd.cn;www.forkliftmanufacture.com;;;;Flurförderzeuge;Gabelstapler, Hubwagen, Stapler;Hersteller;"Vollständiger Firmenname nicht auf Karte; Zuordnung über Broschüre"
39;New Newton (Firmenname laut Broschüre);NEW NEWTON;Rayna Liang;;+86 185 2272 8824;;;rayna@chinaxnd.cn;www.forkliftmanufacture.com;;;;Flurförderzeuge;Gabelstapler, Hubwagen, Lagertechnik;Hersteller;2. Kontakt derselben Firma
40;Ningbo Ruyi Joint Stock Co., Ltd;XILIN 西林;Molly;Sales Manager;;Tel: +86 571 8825 1426 / Zentrale: +86 571 8715 3626 / 8715 3634 / Fax: +86 571 8715 3627;;"sales6@g-lift.cn; sales@xilin.com; ruyi@xilin.com";www.xilin.com;Vertrieb: Room 407-408, Block B, Zheshang Venture Capital Investment Center, Xixi Road 527, 310007 / Werk: 656 North Taoyuan Road, Ninghai, 315600;Hangzhou / Ninghai;Zhejiang;Flurförderzeuge;Hubwagen, Elektro-Hubwagen, Stapler, Schubmaststapler, Gabelstapler;Hersteller;"Nur Vorname, keine Mobilnummer; Zertifikate ISO 9001/14001/45001, CE"
41;Noblelift Intelligent Equipment Co., Ltd (诺力智能装备股份有限公司);NOBLELIFT;Tony Leung (梁业敏);Key Account Manager (销售经理);+86 183 6729 0219;Tel: +86 572 621 0989;;tony@noblelift.com;www.noblelift.com;528 Changzhou Road, Taihu Sub-district;Changxing (Huzhou);Zhejiang;Flurförderzeuge;Gabelstapler, Hubwagen, Lagertechnik;Hersteller;
42;Anhui Changjing Electromechanical Technology Co., Ltd;CJLIFT;Sylvia Hu;Sales Manager;+86 133 3901 2309;Tel: +86 551 6288 6358;WhatsApp / WeChat: +86 133 3901 2309;sales1@cjlift.com;www.cjlift.com;Büro: Room 2123-2125, Building C, Binhu JOVAN Square, Baohe District / Werk: Pingqiao Industrial Area, Yu'an District, Lu'an;Hefei;Anhui;Flurförderzeuge;Hubwagen, Elektrostapler;Hersteller;
43;Wuxi Tongyang Machinery Technology Co., Ltd;YING-LIFT (鹰力);Cindy Tie;Sales Manager;+86 173 5152 5935;Tel: +86 510 8119 8998;WhatsApp / WeChat per QR;tongyang@yinglift.com;www.yinglift.com;No.38 Yansheng Road, Yanqiao Industrial Park, Huishan District;Wuxi;Jiangsu;Flurförderzeuge;Kleinkräne, Hub- und Handhabungsgeräte;Hersteller;Gleiche Adresse und Telefon wie Patek Equipment
44;Patek Equipment Co., Ltd;PATEK;Emma Zhang;Sales Manager;+86 158 6158 9338;Tel: +86 510 8119 8998;WhatsApp / WeChat per QR;sales@baidawx.com;www.baidawx.com;No.38 Yansheng Road, Yanqiao Industrial Park, Huishan District;Wuxi;Jiangsu;Flurförderzeuge;Fasshandhabungsgeräte, Scherenhubtische;Hersteller;"Gleiche Adresse und Telefon wie Wuxi Tongyang / YING-LIFT; Domain baidawx weicht vom Firmennamen ab"
45;Liaoning Felix Technology Co., Ltd;FLEXIVIVA;Nerissa Zhou;Sales Manager;+86 157 7655 2353;;;nerissa@lnfelix.com;www.lnfelix.com;No.60 Shendong 4th Road, Shenfu Demonstration Zone;Shenyang / Fushun;Liaoning;Flurförderzeuge;Scherenhubtische / Hubtische;Hersteller;Domain „lnfelix“: erster Buchstabe l oder I unsicher
46;Guangdong ONEN New-resource Equipments Co., Ltd;ONEN 欧能;Abby Lei;International Sales Manager;+86 138 2403 3844;Tel: +86 750 616 3077;WhatsApp / WeChat per QR;sales2@onen.cn;www.onenforklifts.com;No.13 Fu'an East Road, Shuibu Town;Taishan (Jiangmen);Guangdong;Flurförderzeuge;Elektrostapler, Hubwagen, Scherenbühnen;Hersteller;
47;Changxing Qiangsheng Machinery Co., Ltd;QSLIFT;Richard;Sales Manager;+86 151 9057 8020;Tel: +86 572 666 2711;WeChat per QR;richard@qslift.com;www.qslift.com;No.2 Shangzhuang Road;Changxing (Huzhou);Zhejiang;Flurförderzeuge;Elektro-Hochhubwagen, Stapler;Hersteller;
48;VIFT Group Co., Ltd / Shanghai Vift Machinery Co., Ltd;VIFT;;;+86 183 3712 5193;Tel: +86 21 5752 1229;;"viftsales@viftmachinery.cn; admin@viftmachinery.cn";"www.viftgroup.com; www.viftforklift.com";1178 Nanfeng Highway, Fengxian District;Shanghai;Shanghai;Flurförderzeuge;Gabelstapler;Hersteller;"BESTEHENDER LIEFERANT: Proforma-Rechnung VIFT2742025S8 an Mario Parlitz (Stapler 1500 kg, 30 % Vorkasse T/T); kein Ansprechpartner genannt"
49;unbekannt (rosa Karte, nur QR-Codes);;;;;;WeChat / WhatsApp per QR;;;;;;Flurförderzeuge / Lagertechnik;Fasshandling, Hubtische, Werkstattkräne, Stapler, Staplerzubehör, Hand- und Transportwagen;Hersteller;Nur QR-Codes, keine Kontaktdaten lesbar
50;Guangzhou Bossda Mechanical Equipment Co., Ltd (广州博达机械有限公司);GZBDJX 博达机械;Li Mingping (李明平);;+86 181 7304 1911;;WeChat per QR;414314371@qq.com;;Werk: No.76 Chatang Nanxin Road, Chatang Industrial Zone West, Tanbu Town, Huadu District;Guangzhou;Guangdong;Maschinenbau;Maschinen (genaue Produkte nicht auf Karte);Hersteller;
51;Ludwig Machinery Equipment Manufacturing Co., Ltd / Anhui Gewilson Machinery Manufacturing Co., Ltd;LUDWIG;Jully;Sales Manager;+86 133 4920 9625;;WhatsApp / WeChat per QR;"sale1@ludwigglobal.com; info@ludwigglobal.com";"ludwigglobal.com; lighttower.cc; gewilson.com";No.88 Jiudingshan Road, Xinzhan Industrial District;Hefei;Anhui;Maschinenbau;Lichtmasten (Light Tower), Maschinen;Hersteller;
52;Ludwig Machinery Equipment Manufacturing Co., Ltd / Anhui Gewilson Machinery Manufacturing Co., Ltd;LUDWIG;Abbott;Light Tower Market Manager;+86 182 2583 7048;;WhatsApp / WeChat per QR;"sale4@gewilson.com; info@ludwigglobal.com";"ludwigglobal.com; lighttower.cc; gewilson.com";No.88 Jiudingshan Road, Xinzhan Industrial District;Hefei;Anhui;Maschinenbau;Lichtmasten (Light Tower), Maschinen;Hersteller;2. Kontakt derselben Firma
53;Xiamen Runtx Machinery Co., Ltd / Qingdao Runtx Machinery Co., Ltd;Runtx;;;;Tel: +86 592 570 3151;;info@runtxmachinery.com;www.runtxmachinery.com;Xiamen: No.86 Anling 2nd Road, Huli District / Qingdao: Ping An Avenue, Jiaozhou;Xiamen / Qingdao;Fujian / Shandong;Maschinenbau;nicht auf Karte;Hersteller;Kein Ansprechpartner auf Karte
54;Nantong Ronghui Machinery Co., Ltd (南通荣慧机械有限公司);;;;;;WeChat per QR;;www.chinajuicer.cn;Binshui Road No.28, Shuangyi Innovation Park, Building No.11, Economic and Technological Development District;Nantong;Jiangsu;Maschinenbau / Lebensmitteltechnik;Saftpressen für frisch gepressten Saft und Zubehör;Hersteller;Kein Ansprechpartner auf Karte
55;Hunan Jinsong Machinery Co., Ltd;Jinsong Machinery;Susu Shieh;;+86 199 7382 0783;;WhatsApp: 183 9050 2677;jsricemill@163.com;www.hnjinsong.com;Economic Development Zone, Shuangfeng County;Loudi;Hunan;Maschinenbau / Lebensmitteltechnik;Reismühlen, Reisschälmaschinen;Hersteller;Seit 1993
56;Soaring Eagle Machinery (SEM);SEM;Joline Wang;;+86 156 6887 1226;;WhatsApp: +86 139 4055 4487;joline@sem-machine.com;www.sem-machinery.com;;;;Verpackungsmaschinen;Blister-, Abfüll- und Beutelverpackungsmaschinen;Hersteller;Adresse nicht auf Karte
57;Shantou Dachuan Machines Co., Ltd (汕头市大川机械有限公司);DACHUAN 大川机械;Huang Li Wen (黄立文);;+86 130 7630 0016;Tel: +86 754 8810 9233 / 8810 7933 / Fax: +86 754 8821 6255;;"liwen@gd-dachuan.com; liwen@dcpackaging.cn";www.gd-dachuan.com;Dachuan Industrial Park, No.170 Tuozhong Road, Jinping District;Shantou;Guangdong;Verpackungsmaschinen;Verpackungsmaschinen (aus Domain abgeleitet);Hersteller;Produkte bitte prüfen
58;Zhejiang Chenxin Machine Equipments Co., Ltd;Chenxin 辰鑫;Alvin;Manager of Sales Department;+86 139 8952 0103;Tel: +86 575 8204 1755 / Fax: +86 575 8251 9777;;alvinli333@163.com;www.zjchenxin.com;Jingkou Industrial Zone, 104 National Road, Shangyu;Shaoxing (Shangyu);Zhejiang;Prüftechnik;Prüfmaschinen;Hersteller;
59;GSK CNC Equipment Co., Ltd;GSK;Wang Anlong;Vice Director of International Department;+86 138 2973 8935;Tel: +86 20 8179 7922 / +86 20 8179 6410;;intwal@gsk.com.cn;www.gsk.com.cn;No.22 Guanda Road, Huangpu District, 510530;Guangzhou;Guangdong;Industrie / CNC;CNC-Systeme, Industrieroboter, vollelektrische Spritzgießmaschinen, CNC-Werkzeugmaschinen;Hersteller;
60;GSK CNC Equipment Co., Ltd;GSK;Li Xiaoquan;Sales Manager, International Trade Department;+86 180 2715 0578;Tel: +86 20 8179 7922 / +86 20 8179 6410;;intlxq@gsk.com.cn;www.gsk.com.cn;No.22 Guangda Road, Huangpu District, 510530;Guangzhou;Guangdong;Industrie / CNC;CNC-Systeme, Industrieroboter, vollelektrische Spritzgießmaschinen, CNC-Werkzeugmaschinen;Hersteller;2. Kontakt derselben Firma
61;Hangzhou Yile Shangyun Robot Technology Co., Ltd;LE-vending;;;;;;;"www.levending.net; www.ylvending.com";;Hangzhou;Zhejiang;Automaten / Robotik;Verkaufsautomaten (Snacks, Kaffee, Eis);Hersteller;Kein Ansprechpartner auf Karte
62;Zhejiang Safewell Security Technology Co., Ltd (Safewell Group Holdings Ltd.);Safewell;Dylan Cheung;Sales Manager;+86 186 6740 3512;Tel: +86 574 2790 2999 / Fax: +86 574 2790 2900;;dylan@swtoolstorage.com;www.safewellstorage.com;No.105 Dongxin Road, Yangmiao Industry Zone;Jiashan;Zhejiang;Werkzeuge / Werkstattausstattung;Werkstattwagen, Werkzeugaufbewahrung;Hersteller;Notiz: Werkstattwagen
63;Ningbo Shengwei Intelligent Security Technology Co., Ltd (宁波盛威智能安防科技有限公司);Safewell;Huang Qianyun (黄倩云);Vertrieb (销售专员);+86 187 5741 1860;Tel: +86 574 2790 2999 / Fax: +86 574 2790 2987;;sales38@safesworld.com;www.safesworld.com;Pushun Road 28, Shengwei International Building, Xiaogang Equipment Park, Beilun, 315800;Ningbo;Zhejiang;Sicherheitstechnik;Tresore / Sicherheitsprodukte;Hersteller;Gehört zur Safewell-Gruppe
64;Ningbo Safewell Smart Security Products Co., Ltd;Safewell;Catherine Zhang;Sales Specialist;+86 158 8855 3796;Tel: +86 574 2790 2999 / Fax: +86 574 2790 2987;;sales21@safesworld.com;www.safesworld.com;No.28 Pushun Road, Xiaogang Equipment Industrial Zone, Beilun, 315800;Ningbo;Zhejiang;Sicherheitstechnik;Tresore / Sicherheitsprodukte;Hersteller;Gehört zur Safewell-Gruppe (gleiche Adresse/Domain wie Nr. 34)
65;Henan Yuanli Tools Co., Ltd (河南元力工量具有限公司);HIBO;May (张梅);;+86 176 3709 5905;;WeChat per QR / QQ: 690730956;may@yuanlitools.com;"www.yuanlitools.com; maxleytools.en.alibaba.com";Gongye Avenue East, North Side (工业大道东段北侧, gedruckt „Goneye Avenue“), Yucheng County;Shangqiu;Henan;Werkzeuge;Handwerkzeuge: Maßbänder, Zangen, Rollgabelschlüssel;Hersteller;"Seit 1995; Kontaktdaten jetzt von Visitenkarte ergänzt"
66;Nanjing Toua Hardware & Tools Co., Ltd / Nanjing Toua Tools Marketing Co., Ltd;toua;Matt Wei;General Manager Assistant;+86 180 6163 7695;Tel: +86 25 5217 4014;;matt.wei@tengya.com;www.touatools.com;No.6 Zhidao Road, Jiangning;Nanjing;Jiangsu;Werkzeuge;Werkzeuge / Eisenwaren;Hersteller;Börsennotiert (301125)
67;Jinhua Kensun Tools Co., Ltd;KENSUN;Bonnie;;+86 150 5859 3442;Tel / Fax: +86 579 8750 1256;WhatsApp / WeChat per QR;bonnie@kensun.cn;www.kensun.cn;No.10 Likang Xiaoweiyuan, Lier Village, Chengxi New District;Yongkang;Zhejiang;Werkzeuge;Bohr- und Abbruchhämmer;Hersteller;Name aus E-Mail abgeleitet
68;Taizhou Ruiqi Tools Co., Ltd;HYDRARITE;Michael Zhang;Sales Manager;+86 137 3667 2046;Tel: +86 576 8741 8028 / Fax: +86 576 8742 4108;;sales@tlpchina.com;"www.tlpchina.com; www.hydrarite.com";#619 Wupu Road, Chumen, Yuhuan, 317605;Taizhou;Zhejiang;Werkzeuge;Hydraulikwerkzeuge;Hersteller;
69;Sichuan Machinery Tools I/E Co., Ltd;ELEHAND;Holly Hou;;+86 173 0288 6029;Tel: +86 28 8675 7498;WhatsApp: +86 173 0288 6029;holly@pexmartools.com;www.pexmartools.com;8th Floor, Tongfuxiang, Xiyulong St.;Chengdu;Sichuan;Werkzeuge;Werkzeuge / Werkzeugsets;Händler / Exporteur;
70;Lishen Tools Nantong Co., Ltd (力神工具南通有限公司);LISHEN;Liqin Shen / Lily (沈利勤);;+86 136 0628 2028;+86 133 0628 6618;WeChat per QR;954506221@qq.com;;Industrial Park in Lvsigang Town;Qidong;Jiangsu;Werkzeuge;Werkzeuge;Hersteller;
71;Ningbo Baofeng Tools & Measuring Tools Co., Ltd;BAOFENG;Leah Li;Sales;+86 189 6761 1636;Tel: +86 574 6267 8376 / Fax: +86 574 6267 6846;WeChat: ljh199727;sales1@baofengtape.com;www.baofengtape.com;No.458 Yangming Road E.;Yuyao (Ningbo);Zhejiang;Werkzeuge;Maßbänder, Wasserwaagen, Handwerkzeuge;Hersteller;Canton Fair Stand 11.2 B03-04
72;Ningbo Youtuo Tools Co., Ltd;youtuo;Jun Hu;Marketing Manager;+86 195 1860 1449;Tel: +86 574 6259 1879 / Fax: +86 574 6259 1877;WeChat per QR;youtuo2@youtuotools.com;www.youtuotools.com;No.113 Zhengxiang North Road, 315400;Yuyao (Ningbo);Zhejiang;Werkzeuge;Innensechskantschlüssel, Handwerkzeug;Hersteller;
73;Hangzhou Weitu Technology Development Co., Ltd (杭州伟图科技开发有限公司);WINMAX TOOLS;Zhu Jianming (朱建明);General Manager (总经理);+86 136 0661 0490;Tel: +86 571 8508 3498 / Fax: +86 571 8519 5172-800;;zjm@wintools.com.cn;"www.wintools.com.cn; www.winmaxtools.com";18F, Building 6, Wanhe International, No.188 Haoyue Road, Ningwei Street, Xiaoshan District;Hangzhou;Zhejiang;Werkzeuge;Kfz- und Werkstattwerkzeuge;Hersteller;Erstes Zeichen des chin. Firmennamens abgeschnitten (杭 = Hangzhou vermutet)
74;Nantong Change Electric Tools Co., Ltd;LIGITE (Schreibweise unsicher);Tom;Sales Manager;+86 139 1244 9322;;WhatsApp: +86 139 1244 9322 / WeChat: zhanghanzuishuainbnb;2492314804@qq.com;www.change-tools.com;Industrial Estate, Lvsigang Town;Qidong (Nantong);Jiangsu;Werkzeuge;Akku-Elektrowerkzeuge (20 V), Gartengeräte;Hersteller;Factory Direct Supply
75;Wedo Tools Co., Ltd;WEDO;Caroline Liu;International Market Development Director;+86 178 2230 0716;Tel: +86 22 8368 0080;WhatsApp / WeChat: +86 178 2230 0716;caroline@wedotools.com;www.wedotools.net;3-17-603 Hardware Zone, Miyun Yizhi Road, Nankai District;Tianjin;Tianjin;Werkzeuge;Funkenfreie Sicherheitswerkzeuge;Hersteller;
76;Marketing Trends Industries;AmPro / Metrix / Mech Power;Xuan Liu;Sales;;Tel: +86 21 5108 3966 / Fax: +86 21 6879 1036;WeChat per QR;pro@amprotools.net;www.amprotools.net;3000 Longdong Avenue, Bldg. 5, Suite 601, Pudong, 201203;Shanghai;Shanghai;Werkzeuge;Handwerkzeug, Werkzeugkoffer und -wagen;Hersteller / Händler;
77;Yuhuan Modern Tools Co., Ltd;TUBO;Lynn;Sales Administrator;+86 182 5767 1120;Tel: +86 576 8735 9677 / Fax: +86 576 8744 0919;;linxy@modern-tools.com;"www.modern-tools.com; moderntools.en.alibaba.com";5# Caibei Rd., Bingang Industrial Area, Shamen, 317607;Yuhuan (Taizhou);Zhejiang;Werkzeuge;Profi-Werkzeuge für Elektro und Sanitär (u. a. Presswerkzeuge);Hersteller;
78;Tider (tiderchina.com);;Wiley Liu (刘伟锋);Sales Manager;+86 153 5943 9512;;WhatsApp / WeChat per QR;sales09@tiderchina.com;;No.506 Xinglin Bay Road, Jimei District;Xiamen;Fujian;unklar (Maschinen / Industrie);nicht auf Karte;Hersteller;Branche bitte prüfen
79;Anhui Exact Instrument Co., Ltd (安徽亿格仪表有限公司);YGAUGES;Bruce Pang (庞亮);Sales;+86 155 5557 0565;"Tel: +86 555 210 3806 Ext. 840; Fax: +86 555 210 3807";WhatsApp / WeChat per QR;"brucep@exactinstru.com; exact@exactinstru.com";www.exactinstru.com;Caishi River Rd 1950#, Economic Development Zone;Ma'anshan;Anhui;Messtechnik / Industrie;Manometer, Druckarmaturen;Hersteller;Notiz: Druckarmaturen
80;Xi'an Yanshuo Instrument Equipment Co., Ltd (西安研硕仪器设备有限公司);YS;Yan Shaolong (闫少龙);;+86 139 2994 2699;Tel: +86 29 8930 1886;WeChat per QR;ys@xa-ys.com;www.xa-ys.com;3rd Floor, Building 2, Phase I, Fengxi Innovation Valley, Liando U Valley, Fengxi New City, Xixian New Area;Xi'an;Shaanxi;Messtechnik / Instrumente;Messgeräte;Hersteller;
81;Zhejiang Kripal Electric Co., Ltd;KRIPAL;Juan Hoo;Sales Manager;+86 138 6837 5688;Tel: +86 577 5577 0768 / Fax: +86 577 6288 7668;"WhatsApp / WeChat: +86 182 6797 0648; Skype: juan.ho88";niki@kripal.com;www.kripal.com;Zhongfang Intelligent Industrial Zone, Beibaixiang, 325603;Yueqing;Zhejiang;Elektro / Industrial;Elektrotechnik / Elektroinstallation;Hersteller;
82;MAADN (Wenzhou Maidun);MAADN;Milian (Milan);Foreign Trade Manager;+86 150 5770 0157;;WhatsApp / WeChat per QR;maidun_sockets02@163.com;wzmaidun.en.alibaba.com;;Wenzhou;Zhejiang;Elektro / Industrial;Bodensteckdosen (Luxury Ground Socket);Hersteller;Standort aus Alibaba-Shop abgeleitet
83;Ningbo Kaifeng Electric Appliance Co., Ltd (宁波凯峰电器有限公司);KEG 韩电集团;Shen Qian (沈谦);Vertrieb (业务员);+86 159 6800 7393;Tel: +86 574 5899 8579 / Fax: +86 574 6366 8877;WeChat per QR;sq@kaifengelectric.com;www.kaifengelectric.com;Guanhaiwei Industrial Park East, 315314;Cixi (Ningbo);Zhejiang;Elektro / Industrial;Elektrogeräte;Hersteller;
84;Luceco Electrical (Jiaxing) Ltd;Luceco;Tina Hu;Account Manager Asia Pacific;+86 139 5738 0723;Tel: +86 573 8357 0248 / +86 573 8357 0252;;tina.hu@luceco.com;;No.1438 Jiachuang Road, Xiuzhou Industrial Park, 314031;Jiaxing;Zhejiang;Elektro / Industrial;Elektroinstallation, Beleuchtung (Marken: Luceco, Kingfisher, DW Windsor, Nexus, Ross);Hersteller;Werk in China (Mutterkonzern Luceco Group, UK)
85;Ningbo Longpool Electric Appliance Co., Ltd / Ningbo Zhenhai Longrong Electronic Components Factory (宁波龙溥电器有限公司);LONGPOOL;Chen Qiaoqun / Chelsea (陈巧群);Sales Department Manager;+86 158 8802 5666;Tel: +86 574 8655 2638 / Fax: +86 574 8655 0029;;chelsea@longpool.cn;www.loro.cn;Xingye West Road 87, Xiepu Town, Zhenhai District, 315204;Ningbo;Zhejiang;Elektro / Industrial;Elektronische Bauteile;Hersteller;
86;Guangdong Westinpower Co., Ltd;WESTIN POWER;Martin Zhang;Sales Representative;+86 158 1523 4961;Tel: +86 754 8358 3165 / Fax: +86 754 8817 7099;;martin@westinpower.com;www.westinpower.com;Westinpower Industrial Zone, Shantou F.T.Z.;Shantou;Guangdong;Elektro / Energie;Stromerzeuger / Energielösungen;Hersteller;Börsennotiert (834409)
87;Pearl Electric (Firmenname aus Domain abgeleitet);Pearl;;;;Tel: +86 20 2262 6633;;oversea@pearlelectric.com;www.pearltransformer.com;No.220 Tanxin Rd., Dagang Town, Nansha District, 511470;Guangzhou;Guangdong;Elektro / Energie;Transformatoren;Hersteller;Nur Broschüre, kein Ansprechpartner
88;Delixi New Energy Technology (Hangzhou) Co., Ltd;DELIXI;;;+86 139 8980 0585;Tel: +86 571 8803 1782;;info@dxtlexp.com;www.dxtlexp.com;Room 401-402, Building 3, No.8 Zhuantang Science & Technology Economic Block, Xihu District, 310024;Hangzhou;Zhejiang;Elektro / Energie;"New Energy (Produkte nicht sichtbar; IATF 16949, UL, CE)";Hersteller;Nur Broschüre, kein Ansprechpartner
89;United Power Equipment Co., Ltd (联合动力);UNITEDPOWER;Dan Liu (刘钟铎);Account Manager (客户经理);+86 158 5908 5695;Tel: +86 591 8376 7561 / Fax: +86 591 8821 8137;;"sales03@unitedpower.cn; info@unitedpower.cn";www.unitedpower.cn;No.1 Gaoqi Industrial Zone, Nanyu Town, Minhou County, 350109;Fuzhou;Fujian;Elektro / Energie;Stromerzeuger / Generatoren;Hersteller;
90;Zhejiang Leiya Electronics Co., Ltd;ERAYAK;Mindy Zhao;Sales Manager;+86 177 5029 1260;;WhatsApp: +86 177 5029 1260 / WeChat: Mindy_ZMZ;sales02@erayak.com;;No.528, Ave 4th, Rd 11th, Binhai;Wenzhou;Zhejiang;Elektro / Energie;Stromerzeuger, Kfz-Elektronik;Hersteller;Börsennotiert (NASDAQ: RAYA)
91;Chongqing Fuchai Power Machine Manufacture Co., Ltd;FUCHAI;Millie (秦秀);Sales Manager;+86 159 2302 1561;Tel: +86 23 6730 0668 / Fax: +86 23 6730 0665;WhatsApp / WeChat: +86 159 2302 1561;millie@powerac.cn;www.fuchaipower.com;Werk: No.8 Jiangjiayan Rd, Tongliang District / Büro: 1005 Crystal Star Mansion, No.162 Xinnan Rd;Chongqing;Chongqing;Elektro / Energie;Stromerzeuger;Hersteller;
92;Fuan Shenwei Electro Mechanical Co., Ltd (福安市神威电机有限公司);SENWEI;Parker (郭文浩);;+86 173 0693 2861;Mobil 2: +86 180 5939 8726;"WhatsApp / WeChat per QR; QQ: 1024916771";parker_swengine@163.com;www.swmotor.com;No.2 Xibeiyang Industrial Park, Xitan Town, 355000;Fuan (Ningde);Fujian;Elektro / Energie;Generatoren, Motoren, Wasserpumpen;Hersteller;E-Mail: Ziffer durch Heftklammer verdeckt, vermutlich @163.com
93;Zhejiang Jinlong Electrical Machinery Stock Co., Ltd;JLEM;Pan Linghui;Vice President;+86 139 5765 1661;Tel / Fax: +86 576 8289 9779;;jinlong@china-jinlong.com;www.china-jinlong.com;No.999 West Jinqing Avenue, Jinqing Town, Luqiao District, 318058;Taizhou;Zhejiang;Elektro / Industrial;Elektromotoren / Elektromaschinen;Hersteller;
94;Shanghai CET Electric Co., Ltd;SHCET;Vicky;Sales Manager;+86 153 1706 5400;;WhatsApp / WeChat: +86 153 1706 5400;"shcet@vip.163.com; cet@cetelec.com.cn";"www.shcetelec.com; www.shcet-led.com";#20, 8633 Nong, Zhongchun Road;Shanghai;Shanghai;Elektro / Industrial;Elektroinstallationsmaterial, LED-Beleuchtung;Hersteller;"Canton Fair: Electric 14.3 D25-27, LED 16.4 E42-44 / F01-02; Mobilnummer bitte prüfen (ein Foto unscharf)"
95;Hangzhou Yuzhong Gaohong Lighting Electrical Equipment Co., Ltd (宇中高虹);WOOJONG;Jason Zeng;Dept. II Senior Sales Manager;+86 176 8234 3608;Tel: +86 571 8102 0588-9882 / Fax: +86 571 8106 1226;WhatsApp / WeChat: +86 176 8234 3608;sales901@woojong.com.cn;"www.woojong.com.cn; www.woojonglighting.com";Zentrale: Gaohong Town, Lin'an / Büro: Rm. 701, Building 11, Xixi Center, Xihu District;Hangzhou;Zhejiang;Elektro / Industrial;Schalter, Steckdosen, Beleuchtung;Hersteller;
96;Gaonenggele Electrical Shares Co., Ltd;KORLEN;Jack Ruan;Project Manager;+86 137 3637 8793;Tel: +86 577 6266 1650;WhatsApp: +86 136 3420 4036 / WeChat: Changrong057722;jack@korlen.com;www.korlen.com;No.258 Wei 20 Road, Yueqing Economic & Development Zone, 325600;Yueqing;Zhejiang;Elektro / Industrial;Elektrokomponenten (CE, CB, SIRIM);Hersteller;
97;Ningbo Lili Electric Co., Ltd;LILI / ANSHI;May Ge;Sales Manager;+86 158 6728 0198;Tel: +86 574 8808 5372 / Fax: +86 574 8829 3217;"WhatsApp / WeChat: +86 158 6728 0198; Skype: 1023412107@qq.com";sale1@nbanshi.com;nblilielectric.com;No.180 Qiushi Road, Wangchun Industrial Area, Haishu District, 315176;Ningbo;Zhejiang;Elektro / Industrial;Elektrogeräte (Kategorie nicht ersichtlich);Hersteller;"Handschriftlich: Halle 6.1, Stände I28-30 / J13-15; Produkte bitte prüfen"
98;Guangdong Rifeng Electric Cable Co., Ltd (广东日丰电缆股份有限公司);RIFENG 日丰;Bruce Zhao (赵善德);Commercial Manager (商务经理);+86 199 2808 6635;Tel: +86 760 8816 6388-602;WeChat per QR;bruce_zhao@rfcable.com.cn;www.rfcable.com.cn;Guangfeng Industrial Zone, West District;Zhongshan;Guangdong;Elektro / Industrial;Elektrokabel, Spiralkabel;Hersteller;"Börsennotiert (002953); pr1@rfcable.com.cn = Beschwerden/Vorschläge"
99;Ebasee (voller Firmenname nicht gedruckt);EBASEE;Liz Ling;Sales Engineer;+86 156 7340 7472;Tel: +86 21 5032 0898;;bis14@ebasee.com;www.ebasee.com;No.18 Gutang Rd, 201206;Shanghai;Shanghai;Elektro / Industrial;Industrie-Steckverbinder (CEE-Stecker / -Steckdosen);Hersteller;E-Mail „bis14“ leicht unscharf
100;RALLYBEAR Brushless;RALLYBEAR;Raycin (俞瑞鑫);;+86 181 5850 4738;;WhatsApp: RAYCIN / WeChat per QR;rallybear@163.com;;Xintiandi G193, Gongshu District;Hangzhou;Zhejiang;Elektro / Antriebstechnik;Bürstenlose Motoren;Hersteller;
101;Wuhan Huagong Laser Engineering Co., Ltd (武汉华工激光工程有限责任公司);HGTECH;Li Yang (李阳);International Sales Manager;+86 155 2789 9217;Hotline: 400-888-8866;WhatsApp / WeChat per QR;ahmed@hglaser.com;www.hglaser.com;Weilai 2nd Road 66, HGTECH Intelligent Manufacturing Industrial Park, East Lake High-Tech Development Zone;Wuhan;Hubei;Industrie / Lasertechnik;Laser- und Präzisionssysteme;Hersteller;"Börsennotiert (000988); Firmenkontakt (Broschüre HG Star Technology): Tel +86 27 8718 0225, info@hglaser.com, info@hg-star.com, www.hglaserglobal.com; Export-Basis Jinan"
102;xTool / Makeblock Co., Ltd;XTOOL / makeblock;Yvette Zhao;International Sales Manager;+86 139 8692 1637;;;zhaoying@makeblock.com;;C306 Nanshan Zhiyuan, Nanshan District;Shenzhen;Guangdong;Industrie / Lasertechnik;Lasergravierer / Laserschneider (xTool), Bildungsrobotik (Makeblock);Hersteller;
103;HHFire Group (昊鸿電氣科技);HHFire;Shirley Yuan (袁磊磊);Sales Director;+86 136 8616 2620;Tel: +86 713 291 3888;;Shirleyy@hhfirecorp.com;www.hhfirecorp.com;No.168 Jintong Avenue, Macheng Economic Development Zone;Macheng;Hubei;Brandschutztechnik;Feuerlösch- und Brandschutzsysteme;Hersteller;Weitere Standorte: Vietnam, USA (Santa Ana, CA)
104;JiangXi RuiDun Shield Intelligent Technology Group Co., Ltd (江西锐盾智能科技集团有限公司);赣盾;Lei Guohua (雷国华);Projektmanager (项目经理);+86 133 9705 8806;;WeChat per QR;1324035825@qq.com;www.jxruidun.com;Guanzhong Road 6;Zhangshu;Jiangxi;Sicherheitstechnik;Sicherheitslösungen inkl. Projektplanung und Visualisierung;Hersteller;
105;Ningbo Tiger King Safe Co., Ltd;TIGERKING;Jasmine Han;Sales Specialist;+86 138 0667 2832;Fax: +86 574 5522 2291;WeChat: 138 0667 2832 / WhatsApp per QR;sales15@tigerkingsafe.com;www.tigerkingsafe.com;Xiexi Industrial District, Daxie Development Zone;Ningbo;Zhejiang;Sicherheitstechnik;Tresore / Safes;Hersteller;
106;Shenzhen Jooan Technology Co., Ltd;JOOAN (Lizenz Lenovo / TCL);Sophia Deng;Overseas Sales;+86 135 1035 2920;;WhatsApp / WeChat per QR;readyan@qacctv.com;www.qacctv.com;1502, Tower B, Hong Rongyuan North Station Center, Minzhi Street, Longhua District;Shenzhen;Guangdong;Sicherheitstechnik;Überwachungskameras (Solar / WLAN);Hersteller;Werk: Qiao'an Security Industrial Park, Guanlan, Longhua
107;Guangzhou Andway Intelligent Equipment Co., Ltd;ANDWAYVISION;Jack Chen;Sales Director;+86 139 2875 9101;;WhatsApp / WeChat: +86 139 2875 9101;jack@andwaycctv.com;www.andwaycctv.com;3rd Floor, Quanxing Industry Area, No.6 Gangxi Road, Dashi Street, Panyu District;Guangzhou;Guangdong;Sicherheitstechnik;Solar- und 4G-Überwachungskameras, Kamera-Straßenleuchten;Hersteller;
108;UND Anti-drone;UND;;;;;;;;;;;Sicherheitstechnik / Drohnenabwehr;Anti-Drohnen-Systeme, Drohnenradar, Drohnendetektoren, Störsender, Verstärkermodule;Hersteller;Keine Kontaktdaten auf Karte, Land nicht angegeben
109;Wuhan Guide Sensmart Tech Co., Ltd;Guide;Ivan Mei;Sales Engineer;+86 155 2748 9068;;;ivan@vostokresheniya.com;;No.29 Gaoxin 3rd Road, East Lake High-Tech Development Zone, 430205;Wuhan;Hubei;Optik / Wärmebildtechnik;Wärmebild- und Zieloptik;Hersteller;Notiz: Optik Gewehr
110;Shenzhen Yuyuanxin Electronic Technology Co., Ltd;DOBE;Johnson;Executive Sales;+86 138 2431 4884;;WhatsApp: +86 158 2935 2809 / WeChat: Daidaily123;feng@yuyuansz.com;www.dobe-game.com;Building 11, Tianluohu Industry Park, Guihua Industry Area, Guanguang Road, Guanlan Town;Shenzhen;Guangdong;Tech / Elektronik;Videospiel-Zubehör, digitales Zubehör;Hersteller;
111;Shenzhen Zhilian Shengya Electronic Technology Co., Ltd (深圳市智联盛亚电子科技有限公司);ZWear;Wu Shifeng (吴士锋);Sales Manager;+86 156 0239 5759;;WeChat per QR;jack@zhilianshengya.net;;Bao'an Avenue 4159-1, Huawan Industrial Park, Building B, 5F, Bao'an District;Shenzhen;Guangdong;Tech / Elektronik;Wearables / Elektronik;Hersteller;
112;Shenzhen Junlan Electronic Ltd (深圳市君兰电子有限公司);;Jiru Liu (刘吉如);General Manager;+86 135 1035 6930;Tel: +86 755 2730 9326 / Fax: +86 755 2730 9351;WeChat per QR;ljr@jump-lan.com;;No.277 Pingkui Road, Shijing Community, Shijing Street, Pingshan District;Shenzhen;Guangdong;Tech / Elektronik;Elektronik;Hersteller;
113;Guangzhou Nashinal Microelectronics Technology Co., Ltd;Nashinal;Amy Wen;Sales Manager;+86 180 2629 3870;;WhatsApp / WeChat: +86 180 2629 3870;amy@nashinal.ltd;www.nashinalledtv.com;;Guangzhou;Guangdong;Tech / Elektronik;Fernseher (LED-TV);Hersteller;
114;Guangdong Juan Intelligent Technology Co., Ltd;JUANCLOUD;Lily Liu;Oversea Sales Manager;+86 135 0004 8933;;WhatsApp / WeChat per QR;Lily@juancloud.com;global.juancloud.com;No.1 Gangbian Street, Shanxi Village, Dashi Street, Dashi Town, Panyu District;Guangzhou;Guangdong;Tech / Elektronik;Smarte Elektronik;Hersteller;Produkte bitte prüfen
115;Spectrum Display (Shenzhen);SPECTRUM;Koskit Ke;Business Development Manager;+86 138 2959 1300;;;koskit@spectrumdisplay.cn;spectrumdisplay.cn;2101, Building 1, COFCO Yunjing Plaza, Guangming District;Shenzhen;Guangdong;Tech / Elektronik;Displays;Hersteller;
116;COEUX (科伊斯);COEUX;Kiwi;;+86 181 2683 5326;;WhatsApp: +86 181 2683 5326;kiwi@gzcoeus.com;www.coeux.com;Room 1707-8, International Talent Port, No.167 Haibin Road, Nansha District;Guangzhou;Guangdong;Tech / Elektronik;nicht auf Karte;Hersteller;Produkte bitte prüfen
117;Huishang Investment Co. Ltd (徽商集团);Huishang / AHS Computer;Roger Song;Commercial Manager;+86 186 5656 3860;;"WhatsApp / WeChat: +86 186 5656 3860; QQ: 282159520";"roger@ahscomputer.com; sales@ahscomputer.com";;No.258 Wuhu Road;Hefei;Anhui;Tech / Elektronik;PC-Gehäuse, Netzteile, Tastaturen, Mäuse, Lautsprecher, Kabel, Adapter, Gaming-Stühle und -Tische;Hersteller / Händler;Aussteller Canton Fair und Global Sources HK
118;Huishang Investment Co. Ltd (徽商集团);Huishang / AHS Computer;Louie Wang;Commercial Manager;+86 155 0551 1938;;WhatsApp: +86 155 0551 1938 / WeChat: LouieWang2013;"wanglu@ahscomputer.com; wanglu0211@163.com";;No.258 Wuhu Road;Hefei;Anhui;Tech / Elektronik;PC-Gehäuse, Netzteile, Tastaturen, Mäuse, Kabel, Adapter, Gaming-Stühle und -Tische;Hersteller / Händler;"2. Kontakt derselben Firma; Canton Fair Stand 17.2D27-28"
119;Shenzhen Marvo Technology Co., Ltd;MARVO;Zoe Zou;Sales;+86 157 2761 7181;;WhatsApp / WeChat: +86 157 2761 7181;sales20@marvo-tech.com;"www.marvo.pro; www.xtrike-me.com; www.monka.gg; www.ienene.com";6th Floor, Building A, Dongfang Yayuan, Chentian Community, Xixiang, Bao'an District;Shenzhen;Guangdong;Tech / Elektronik;Gaming-Peripherie;Hersteller;
120;Cloud Ridge Ltd;CR Computer & Digital;Jack He;Manager;+86 173 3319 4370;Tel: +86 551 6556 6227;WeChat: +86 173 3319 4370;Jack@cloud-ridge.net;www.cloud-ridge.net;Hauptsitz: Room 606, B#310 Suixi Road, 230061 / Vertrieb: Shiyan, Bao'an, Shenzhen;Hefei;Anhui;Tech / Elektronik;Computer und Digitalprodukte;Hersteller / Händler;
121;Wuhan Simifly Electronics Co., Ltd (武汉市四面八方电子有限公司);Simifly;Nancy Tang (唐晓琴);;+86 133 9724 9891;;WeChat per QR;nancy@simifly.com;simifly.com;Tangxunhu North Road 36, Qianou Digital Innovation Center 805, East Lake High-Tech Development Zone;Wuhan;Hubei;Tech / Elektronik;Bluetooth-Kopfhörer, Handyzubehör;Hersteller;
122;Mission Electronic Limited (深圳市美迪声科技有限公司);MISSION;Kevin Chow (周雪松);General Manager;+86 180 3344 1866;Tel: +86 755 2908 9177;Skype: missionelec / WeChat per QR;kevin@ms-elec.com;www.ms-elec.com;Building C, Yu Sheng Industrial Park, Liao Keng Village, Shi Yan Town, Bao'an District;Shenzhen;Guangdong;Tech / Elektronik;Audio-Produkte;Hersteller;
123;JITLIFE;JITLIFE;Mekia Yang;Sales Director;+86 191 8208 7571;;WhatsApp: +86 191 8208 7571;mekiayang@jitlife.com;;10A240, Building 3, Xunmei Technology Plaza, No.8 Keyuan Road, Nanshan;Shenzhen;Guangdong;Tech / Elektronik;Smarte, innovative Produkte;Hersteller;
124;Ningbo Yinglang International Trade Co., Ltd (宁波英朗国际贸易有限公司);MU Group;Hu Chenxuan (胡晨瑄);Stellv. Manager Optoelektronik (光电事业部 副经理);+86 135 6637 2175;Tel: +86 574 2799 7147 / 2783 3973 / Fax: +86 574 2790 3888;;vp10@bright-max.com.cn;www.mugroup.com;Chuangyuan Road 98, Building A6, Yinzhou District;Ningbo;Zhejiang;Tech / Elektronik;Optoelektronik / Beleuchtung;Händler / Exporteur;
125;Guangxi Million Concept BHL Co., Ltd (广西奔啦啦智能科技有限公司);Bonlala;Calvin Wong (王贞威);Sales Manager;+86 155 2145 2563;Tel: +86 755 3290 2741;WeChat per QR;wangzhenwei@bonlala.com;www.bonlala.com.cn;Büro: 1204, 12th Floor, Building C, Longbang Kexing Science Park, Matian Street, Guangming District, Shenzhen / Werk: Linjiang Industrial Park, Pingnan County, 537300;Shenzhen / Guigang;Guangdong / Guangxi;Tech / Elektronik;nicht auf Karte;Hersteller;Produkte bitte prüfen
126;Beijing Aibingo Technology Co., Ltd (北京爱宾果科技有限公司);BINGO;Li Mingliang (李明良);Vertriebsdirektor (销售总监);+86 139 1000 9504;Hotline: 400 6250 073;WeChat: 13910009504;lml@hi-bingo.com;www.aibingo.com;13F, Block CD, Zhonghai Building, Gucheng Road, Shijingshan;Beijing;Beijing;Tech / Elektronik;KI-Lernbegleiter / Tutor-Geräte für Kinder;Hersteller;Ausgründung Tsinghua X-lab
127;iFLYTEK Co., Ltd (科大讯飞股份有限公司);iFLYTEK;Dai Jianbiao (戴剑彪);Berater im Direktverkaufsladen (体验顾问);+86 181 2654 7474;;;jbdai@flemply.com;;KK Mall 4F, L424, Luohu District;Shenzhen;Guangdong;Tech / Elektronik;KI-Übersetzungs- und Sprachgeräte;Händler;"Ladenpersonal (Direktverkaufsladen), kein Export-Vertrieb; E-Mail-Domain ungewöhnlich – bitte prüfen"
128;Timekettle;Timekettle;;;;;;info@timekettle.co;www.timekettle.co;Building 4#612, Minqi Science Park, Nanshan District;Shenzhen;Guangdong;Tech / Elektronik;Übersetzungsgeräte (nicht auf Broschürenausschnitt);Hersteller;Nur Broschüre, kein Ansprechpartner
129;Codyson (康得森);Codyson;Gina (張竟竟);Marketing Executive (商務代表);+86 136 7010 9651;Tel: +86 755 8601 6155;;info@codyson.net;;;Shenzhen;Guangdong;Tech / Elektronik;Ultraschallreiniger / Ultraschallgeräte;Hersteller;"Kein vollständiger Firmenname / keine Adresse auf Karte; Stadt aus Vorwahl"
130;Anhui Hualing Kitchen Equipment Co., Ltd (安徽华菱西厨装备股份有限公司);Hualing / BingShi;Tang Shenwen / Sunny (汤深文);Manager Foreign Trade (外贸部经理);+86 156 6555 8780;Tel: +86 555 836 2424 / Fax: +86 555 836 3434;WeChat / WhatsApp per QR;"sunny_tang@hualingxichu.com; sunny_tang88@hotmail.com";www.hualingxichu.com;Liaohe East Road 256, Bowang District, 243131;Ma'anshan;Anhui;Gastronomietechnik;Großküchengeräte;Hersteller;Zertifikate: TÜV, CE, ETL, GS, CB
131;Zhuhai Luckyman Technology Co., Ltd (珠海市香之君科技股份有限公司);Luckyman / CERA+;Jesse Wang (王晶);Sales Manager;+86 185 8007 5913;Tel: +86 756 335 3269;WhatsApp: +86 185 8007 5913 / WeChat per QR;sale12@luckychina.net;"www.luckychina.net; www.ceraplus.net";2-3F, No.3 Building, No.611 Huawei Road, 519075;Zhuhai;Guangdong;Haushaltswaren;nicht auf Karte;Hersteller;Produkte bitte prüfen
132;Guangdong Hyxion Smart Kitchen Co., Ltd;Hyxion;Carole Pan;Sales Representative;+86 158 2086 5270;Tel: +86 769 8187 8778 / Fax: +86 769 8187 8718;WhatsApp per QR;carole_pan@hyxion.com;www.hyxion.com;No.1 and 2 Haixin Road, Hongmei Town;Dongguan;Guangdong;Haushaltswaren;Küchengeräte (Smart Kitchen);Hersteller;
133;O'2NAILS (Guangzhou);O'2NAILS / NailPlayer / Artpro Nail / Fullmate / StyleMate;Nicole Liu (刘诗婷);International Territory Sales Supervisor;+86 159 1871 4024;Tel: +86 20 3873 2006;WeChat: 15918714024;nicole@cybernail.com;;;Guangzhou;Guangdong;Beauty / Tech;Nageldrucker / Nageldesign-Geräte;Hersteller;
134;Chongqing Komori Trading Co., Ltd (重庆科木瑞商贸有限公司);;Anson Li;Marketing Director;+86 130 7192 0838;;WeChat per QR;383199863@qq.com;;No.134, Zone C, Aerospace Intelligence and Digital Industry Park, No.61 Siguikilu Street, Nanping Town, Nan'an District;Chongqing;Chongqing;unklar;nicht auf Karte;Händler;"Weitere Kontakte: Andrew Yan (Quality Director) 1762563133@qq.com; Antony Gong (Customer Director) 310730118@qq.com; Andy Tang (Manufacturer Director) 375232544@qq.com"
135;Jilin Scoma Trading Co., Ltd (吉林斯柯玛贸易有限公司);SCOMA;;;;Tel: +86 432 6993 1668;WhatsApp per QR;info@scoma.com.cn;www.scoma.com.cn;Rm. 6043-44-45, CITIC Bank Tower, Jiefang East Rd;Jilin;Jilin;unklar;nicht auf Karte;Händler;Kein Ansprechpartner auf Karte
136;Dongguan Mingying Import & Export Co., Ltd (东莞市名赢进出口有限公司);;Gong Jianming (龚健明);;+86 135 4482 0588;;"WeChat: 13544820588; QQ: 2913473480";chenfei20090408@126.com;;Jinma Building, 5th Floor, Room 501, Guantai Road, Guancheng Street;Dongguan;Guangdong;Import / Export;nicht auf Karte;Händler;
137;Shandong Tavol Machinery Co., Ltd (山东泰沃机械设备有限公司);TAVOL;Becky Gao (高菁);Sales Director;+86 151 6382 1884;;WhatsApp: +86 151 6382 1884 / WeChat per QR;sales33@tavolgroup.com;www.tavolgroup.com;;;Shandong;unklar;nicht auf Karte;Hersteller;"Firmenname von Tavol-Broschüre; Adresse und Produkte bitte prüfen"
138;Hangzhou Baiyu Technology Co., Ltd;BAYU;Julie;Sales Manager;+86 182 5811 9201;;WhatsApp / WeChat per QR;Julie@bayuworld.com;bayucn.com;No.599 Dongrui 4th Road, Xintang, Xiaoshan District;Hangzhou;Zhejiang;unklar;„Smart Kit“ – Produktart unklar;Hersteller;Produkte bitte prüfen
139;MAXVEER (voller Firmenname nicht gedruckt);MAXVEER;Ghassan Alsalafi;Overseas Sales Manager;+86 134 1447 3096;;WhatsApp per QR;ghassan.gao@maxveer.com;www.maxveer.com;Fenda Hi-Tech Park, Zhoushi Rd, Bao'an District, 518108;Shenzhen;Guangdong;unklar;nicht auf Karte;Hersteller;Produkte bitte prüfen
140;TIYA;TIYA;;;;;;sales@tiya.com.cn;www.tiya.com.cn;;;;unklar;nicht auf Broschüre;Hersteller;Nur Broschüre, kein Ansprechpartner
141;Shenzhen Longlory International Transportation Ltd (深圳市铠辉国际货运代理有限公司);LONGLORY;Yan Li (黎艳);Overseas Manager;+86 137 2558 8534;Tel: +86 755 2216 0808;WhatsApp / WeChat: +86 137 2558 8534;yan_li@longlory.com;www.longlory.com;Kaifeng Road 4, Manjinghua Group Commercial Building, Room 506, Meiting Community, Meilin Street, Futian District;Shenzhen;Guangdong;Logistik / Spedition;Internationale Spedition (NVOCC);Dienstleister;"Kein Hersteller; NVOCC: GD20230428111022, JCtrans ID: 155852"
142;Baikal (贝加尔);BAIKAL;Zhang Jinyi (张金一) / Zlata;Business Manager (业务经理);+86 153 6050 7245;;WeChat / Telegram per QR;Stella@baikalasia.com;www.baikalasia.com;广州市白云区石井涌达商业广场写字楼4栋12楼1203-1213单元;Guangzhou;Guangdong;Logistik / Spedition;Frachtversand nach Russland;Dienstleister;"Kein Hersteller; E-Mail-Name „Stella“ passt nicht zum Kartennamen"
143;Guangzhou Xinghui Customs Brokerage Co., Ltd (广州星荟报关报检有限公司);星荟报关;Oscar Xiao (肖磊);General Manager;+86 131 6830 7209;;"WeChat: 13168307209; QQ: 362953612";;;Jichang Road 585, Room 701-702A, Tangjing Street, Baiyun District;Guangzhou;Guangdong;Logistik / Zoll;Zollabwicklung, Warenprüfung;Dienstleister;Kein Hersteller
144;Flexclearing USA Inc (清关侠);Flexclearing;James;Customer Service;+1 750 300 5261 (so gedruckt);;WhatsApp: gleiche Nummer / WeChat per QR;james@flexclearing.com;;;;;Logistik / Zoll;US-Zollabfertigung, LKW-Zustellung, DDU/DDP in die USA;Dienstleister;"Kein Hersteller; Nummer als „CN Tel: +17503005261“ gedruckt – vermutlich +86 175 0300 5261"
145;Tengzhou Tri-Union Machinery Co., Ltd (滕州市三合机械股份有限公司);TTMC;Nicole Liu;Sales Manager;+86 178 6322 8107;Tel: +86 632 595 8067 / 595 8077 / Fax: +86 632 595 8089;;"nicole@ttmc.cn; info@ttmc.cn";www.ttmc.cn;No.318 South Yikang Road, 277500;Tengzhou;Shandong;Maschinenbau / Blechbearbeitung;Biege-, Rundbiege-, Scher-, Ausklink- und Sägemaschinen;Hersteller;
146;Tengzhou Tri-Union Machinery Co., Ltd (滕州市三合机械股份有限公司);TTMC;Lisa Xu;Sales Manager;+86 178 6322 8103;Tel: +86 632 595 8067 / 595 8077 / Fax: +86 632 595 8089;;"lisa@ttmc.cn; info@ttmc.cn";www.ttmc.cn;No.318 South Yikang Road, 277500;Tengzhou;Shandong;Maschinenbau / Blechbearbeitung;Biege-, Rundbiege-, Scher-, Ausklink- und Sägemaschinen;Hersteller;2. Kontakt derselben Firma
147;Putai Technology;PUTAI;Jessie;Business Manager;+86 1?5 2204 6319;;WhatsApp: gleiche Nummer / WeChat / Telegram per QR;jessie@put-tec.net;"www.putairollformingmachine.com; www.put-tec.com";19-1-102 Shengting Mingjing Garden, Beicang Town, Beichen District;Tianjin;Tianjin;Maschinenbau / Blechbearbeitung;Rollformmaschinen (Profilieranlagen);Hersteller;"2. Ziffer der Nummer durch Heftklammer verdeckt; handschriftlich: „Nur nach Polen / Dubai“ (Lesung unsicher)"
148;Zhejiang Kaixun Mechanical and Electrical Co., Ltd / Wenzhou Kaixun International Trading Co., Ltd;Kaixun;Paul Wang;VG Manager (so gedruckt);+86 135 6615 6543;Tel: +86 577 6559 2358 / Fax: +86 577 6559 3798;WeChat per QR;kaixun@kaixun.com;www.kaixun.com;No.35 Bada Rd., Linyang Industrial Zone, 325207;Ruian (Wenzhou);Zhejiang;Flurförderzeuge / Hebetechnik;Hubwagen, Transportwagen, Elektroseilzüge;Hersteller;Broschüre „Electric Hoist Series“ vermutlich ebenfalls Kaixun
149;Chenli Group (辰力集团);Chenli Rigging;Alice Song (宋晶晶);Sales Manager;+86 151 8862 3678;Tel: +86 312 590 9877 / Fax: +86 312 590 9677;WhatsApp: +86 151 8862 3678;hardware@chenlids.com;www.chenlirigging.com;Qingyuan;Baoding;Hebei;Hebetechnik / Anschlagmittel;Anschlagmittel, Rigging-Hardware;Hersteller;E-Mail-Domain weicht von Website ab (so gedruckt)
150;Shandong Qingtai Metal Products Co., Ltd (山东青泰金属制品有限公司);Qingtai;Fiona Lv (吕蔚彦);Sales Manager (销售经理);+86 156 2145 3839;Tel: +86 532 8093 5399;;fiona@chinaqingtai.com;www.chinaqingtai.com;Werk 1: No.4527 Longyuan Road, Longdu Street, Zhucheng / Werk 2: No.778 Gaofeng Road, Jiaonan Subdistrict, Huangdao District;Zhucheng / Qingdao;Shandong;Lagerregale;Regale (Lager- und Ladenregale);Hersteller;16 Jahre Erfahrung (Broschüre)
151;Xuzhou Tianchen Racking Manufacturing Co., Ltd (天辰智造);Tianchen;Han Dong;Sales Director;+86 198 5163 3888;Fax: +86 516 8655 1980;WhatsApp per QR;hd@xztchj.cn;www.tc-rack.com;Fuxing Road, Industrial Park of Tushan Town;Pizhou (Xuzhou);Jiangsu;Lagerregale;Lager-, Paletten- und Shuttle-Regale;Hersteller;„Tex“ auf Karte vermutlich Fax
152;SECSUN (voller Firmenname nicht gedruckt);SECSUN;Claire Yang (杨森);Sales Representative (销售代表);+86 195 5928 3982;Tel (Broschüre): +86 156 5926 8871;WhatsApp / WeChat per QR;"sales04@secsun.cn; info@secsun.cn";www.secsunchina.com;No.307 Duiying Road, Jimei District;Xiamen;Fujian;Lagerregale;Steckregale (werkzeuglose Montage, 1 Person / 5 Min.);Hersteller;
153;Nanjing Unistar Industry Co., Ltd (南京宇霖工业有限公司);UNISTAR;Cora Chen;Sales Manager;+86 173 1230 9862;Tel: +86 25 8718 9159;WhatsApp / WeChat per QR;cora@unistarindustry.com;www.unistarindustry.com;No.68-28 Suyuan Avenue, Jiangning District;Nanjing;Jiangsu;Lagerregale;Lager- und Ladenregale (Racking);Hersteller;
154;Dezhou GuTaiLong Metal Co., Ltd (德州固泰隆金属有限公司);GUTAILONG 固泰隆;Cherry Zhang;Sales Manager;+86 155 6442 7310;;WhatsApp: +86 155 6442 7310 / WeChat per QR;cherry@gutailong.com;www.gutailong.com;Zhangzhuang Industrial Area, Taitousi Town;Dezhou;Shandong;Lagerregale;Supermarkt- und Ladenregale;Hersteller;
155;Nanjing Xinzhongya Rack Manufacturing Co., Ltd / Jiangsu Xinzhongya Intelligent Logistics Equipment Manufacturing Co., Ltd;XINZHONGYA;Cynthia Zhao;Sales Manager;+86 138 0158 9703;Tel: +86 25 8613 0377-8023;WeChat per QR;market8022@xzyrack.com;www.xinzhongyarack.com;No.9 XingGu Road, Guli Industrial Park, Jiangning, 211164;Nanjing;Jiangsu;Lagerregale;Lager- und Shuttle-Regalsysteme;Hersteller;
156;Jiangsu EBIL Intelligent Storage Technology Co., Ltd (江苏欧标智能储存科技有限公司);ebiltech;Sunny Wang (汪喜);;+86 158 5183 9288;Tel: +86 25 5279 5882;WeChat per QR;sunnywang@ebilmetal.com;www.ebiltech.com;Büro: Business Building 1, Aiqin Wan, Hongyun Avenue, Jiangning District / Werk: No.61 Xiushan Road, Gaochun;Nanjing;Jiangsu;Lagerregale;Hochregallager, automatische Lagersysteme;Hersteller;
157;Jracking (China) Storage Solutions;Jracking;Chen Jing;Assistant Sales Manager;+86 150 5189 0355;;;chenjing0703@jracking.com;www.jracking.com;9F, No.142 Da Guang Road;Nanjing;Jiangsu;Lagerregale;Lagerregalsysteme;Hersteller;
158;Jinhua Warehouse Shelves (Lianyungang) Co., Ltd;JINHUA SHELVES;Steven;Sales Manager;+86 138 1566 9558;Tel: +86 518 8188 3208;WeChat: +86 138 1566 9558;"market@jhdracking.com; 1302888198@qq.com";www.jhdracking.com;No.5 Gaoxin 3 Road, Songtiao Industry;Lianyungang;Jiangsu;Lagerregale;Lager- und Schwerlastregale;Hersteller;
159;Qingdao Tianhaida Industry and Trade Co., Ltd;TIANHAIDA;Betty Li;Sales;+86 190 6398 5561;;WhatsApp / WeChat: +86 190 6398 5561;sales11@qdtianhaida.com;"www.qdtianhaida.com; www.sinohandtrolley.com; tianhaidashelves.en.alibaba.com";Middle of Shuicheng Road, Lingang Industrial Park, Huangdao Zone, 266400;Qingdao;Shandong;Transportgeräte / Regale;Schubkarren, Sackkarren, Regale;Hersteller;"E-Mail unsicher: sales11@ oder sales1@; Zertifikate BSCI, FSC, CE"
160;Qingdao Zhengtao Tool Co., Ltd;TMZ;Robbie;Manager;+86 158 5422 2555;Tel: +86 532 8661 0003 / Mobil 2: +86 139 6964 7000;;"robbie@zhengtaotool.com; robbie2133@126.com";;Shanjiabei Village North, Zhangjialou Town, Huangdao District;Qingdao;Shandong;Transportgeräte / Outdoor;Bollerwagen / Faltwagen;Hersteller;
161;Henan Yongxu Import and Export Co., Ltd;HD Abrasives;Alexander Scott;Sales Manager;+86 186 3389 3631;;WeChat per QR;elsie@hdabrasives.cn;www.hdabrasives.com;New Material Industrial Park, Science Avenue / Building 13;Xingyang (Zhengzhou);Henan;Werkzeuge / Schleifmittel;Trenn- und Schleifscheiben;Händler / Exporteur;E-Mail lautet auf „elsie“
162;Hygloves Co., Ltd / Jiangsu Hysafety Co., Ltd (江苏一邦安全用品有限公司);Hygloves;Wang Junhua;;;Tel: +86 21 6075 6166 / Fax: +86 21 6075 6165;WeChat per QR;hygloves@hygloves.com;www.hygloves.com;Büro: Suite 1002, Building 6, 3611 Zhang Yang Road, Pudong, 200136 / Werk: No.85 East Shenzhen Road, Huai'an Economic Development Area;Shanghai / Huai'an;Shanghai / Jiangsu;Arbeitsschutz;Arbeitsschutzhandschuhe;Hersteller;Canton Fair Stand 11.2E05-06
163;ODOT Automation (Firmenname nur als Logo);ODOT;Grace Hou;Oversea Sales Specialist;+86 136 5902 0791;Tel: +86 816 253 8289;WhatsApp / WeChat: +86 136 5902 0791;sales4@odotautomation.com;;Plant No.204, Comprehensive Bonded Zone, 621000;Mianyang;Sichuan;Industrie / Automatisierung;Steuerungssysteme, Motion Control;Hersteller;
164;Foshan Nationstar Optoelectronics Co., Ltd (佛山市国星光电股份有限公司);NATIONSTAR;Pola Zhou (周蓉);Sales Department, KA Manager;+86 182 6790 6592;;WhatsApp / WeChat per QR;xlzhourong@nationstar.com;www.nationstar.com;No.18 South Huabao Road, Chancheng District;Foshan;Guangdong;Elektro / Optoelektronik;LED-Bauteile, Optoelektronik;Hersteller;"E-Mail: 2. Zeichen l oder i unsicher (xlzhourong / xizhourong); weiterer Kontakt laut Broschüre: gonghuasheng@nationstar.com, +86 187 1938 0770"
165;Guangzhou Airhorse Compressor Co., Ltd;AirHorse;Freya Huang;;+86 181 0273 1258;Tel: +86 20 3809 0459 / 3237 6170 / Fax: +86 20 3809 0400;WeChat: 18102731258 / WhatsApp per QR;export02@ahaircompressor.com;www.ahaircompressor.com;Büro: Room 1503-1505, Building 4, Shengsheng Plaza, 2565 Kaichuang Avenue, Huangpu / Werk: No.8 Jingbei Road, Zhongxin Town, Zengcheng;Guangzhou;Guangdong;Kompressoren;Luftkompressoren;Hersteller;
166;Hangzhou Yiding Transmission Machinery Co., Ltd;YDFORCE;Davise Gao;Foreign Trade Dept. Manager;+86 181 5853 6625;Tel: +86 571 8213 0781 / 8222 8389 / Fax: +86 571 8213 0751;WhatsApp: +86 181 5853 6625 / WeChat per QR;davise@yd-reducer.com;www.yd-reducer.com;Xieyi Village, Jingjiang Town, Xiaoshan;Hangzhou;Zhejiang;Antriebstechnik;Getriebe / Untersetzungsgetriebe;Hersteller;
167;Zhejiang Tongyu Variable-Speed Machinery Co., Ltd;JMC;Elisabeth Smile;Export Department;+86 178 5828 1385;Tel: +86 576 8831 7198 / Fax: +86 576 8831 7167;;export1@china-tongyu.com;www.china-tongyu.com;No.318 Juxiang Road, Jiaojiang District;Taizhou;Zhejiang;Antriebstechnik;Getriebe, Drehzahlvariatoren;Hersteller;
168;Guangdong Lingxiao Pump Industry Co., Ltd;LX;Chloe Huang;;+86 138 2983 1108;Tel: +86 662 770 6102 / Fax: +86 662 770 7231;WeChat per QR;chloe@lingxiao.com.cn;"www.lingxiao.com.cn; www.lxpump.com.cn";No.117 Chunjiang Road, 529600;Yangchun;Guangdong;Pumpen / Poolzubehör;Pumpen (u. a. Schwimmbadpumpen), Gebläse, Heizer;Hersteller;Börsennotiert (002884)
169;Jiangsu Gaojie Energy Saving Equipment Group Co., Ltd (江苏高捷节能装备集团有限公司);GOJE;Eric Woo;Project Manager;+86 195 0517 6435;Tel: +86 25 5735 6838 / 5735 7681 / 5735 7682 / Fax: +86 25 5735 7282;;foreign-6@goje.com.cn;www.phe-goje.com;No.91 Shuanggao Road, Gaochun Economic Development Zone;Nanjing;Jiangsu;Industrie / Wärmetechnik;Plattenwärmetauscher, Verdampfer, Kondensatoren;Hersteller;
170;Zhejiang Oulun Electric Co., Ltd (浙江欧伦电气股份有限公司);Eurgeen;Barry (毕文鹏);Sales Manager (销售经理);+86 182 6808 6161;;WeChat per QR;barry@oulunelectricluko.com;www.eurgeencarfridge.com;Tangmei Road 17, Linping District (临平区唐梅路17号);Hangzhou;Zhejiang;Elektro / Kühlgeräte;Kompressor-Autokühlschränke 12 / 24 V;Hersteller;
171;Shandong Jiangcheng Industrial Technology Co., Ltd;JONMAKIT / TECNOVATION;Ethan Wang (王振);Exporting Manager (外贸经理);+86 177 6205 0966;;WhatsApp: +86 177 6205 0966 / WeChat per QR;ethan.weld@hotmail.com;www.sdjiangcheng.com;Zhimadun Industry Zone, Hedong District;Linyi;Shandong;Schweißtechnik;Schweißgeräte (vermutlich);Hersteller;
172;Shanghai Greatway Welding Equipment Co., Ltd;Greatway;Chenyi Cui;Sales Engineer;+86 176 0121 7418;;;gpyw20@guangwei-china.com;www.guangwei-china.com;18th Building, No.4916 South Hongmei Road, Minhang District, 201109;Shanghai;Shanghai;Schweißtechnik;Schweißgeräte;Hersteller;
173;Shanghai Hugong Electric (Group) Co., Ltd;HUGONG;Kelly Yu;General Manager Welding Division;+86 186 1685 5826;Tel: +86 21 5121 1666-8902 / Fax: +86 21 6971 5399;WeChat per QR;kelly.yu@hugong.com;www.hugongwelds.com;7177 Waiqingsong Road, 201700;Shanghai;Shanghai;Schweißtechnik;Schweißgeräte;Hersteller;Börsennotiert (603131.SH)
174;Chongqing Shineray Agricultural Machinery Co., Ltd (重庆鑫源农机股份有限公司);Shineray;Nita (赖兴智);Marketing Director European Market (欧洲地区销售总监);+86 139 9643 3965;;WhatsApp / WeChat per QR;"nita@shineray.com; srexp@shineray.com";www.shineraypower.com;No.8 Shineray Road, High-Tech District, 401329;Chongqing;Chongqing;Gartentechnik / Landmaschinen;Rasenmäher, Gartengeräte, Landmaschinen;Hersteller;srexp@ = allgemeine Export-Mail (Broschüre)
175;Chongqing Diligence General Machinery Co., Ltd;AEROBS;;;+86 155 2351 3117;;;aerobs@aerobspower.com;www.aerobspower.com;Building 1, No.1 Kangchao Road, Huaxi, Banan District;Chongqing;Chongqing;Gartentechnik / Landmaschinen;Motorgeräte / Kleinmaschinen (Produktart nicht gedruckt);Hersteller;Nur Broschüre, kein Ansprechpartner
176;Zhejiang YAT Electrical Appliance Co., Ltd (浙江亚特电器股份有限公司);YAT 亚特;Camilo Wei (魏烈斌);Sales Manager, Sales & Marketing Division;+86 133 9584 7769;Tel: +86 573 8383 5888 / Fax: +86 573 8383 5577;;camilo.wei@yat.com;;No.150 Wenlong Road, Yuxin Town, Nanhu District;Jiaxing;Zhejiang;Gartentechnik / Robotik;Roboter (Robot Catalog), Elektro-Gartengeräte;Hersteller;
177;Kuhong (voller Firmenname nicht gedruckt);KUHONG / tylon Thailand;Emily (陈丹);;+86 138 0658 3602;;WhatsApp / WeChat per QR;sales1@cnkuhong.com;www.kuhonggroup.com;No.1 Haiyun Road, Sanjia Street, Taizhou Bay New Area;Taizhou;Zhejiang;Reinigungstechnik;Hochdruckreiniger;Hersteller;
178;Lingdu Intel-tech Development Co., Ltd (凌度智能);X-Human;Adam Chan;Sales Manager;+86 155 2106 3588;Hotline: +86 400 833 7577;;"adam@gd-ldznkj.com; info@gd-ldznkj.com";www.x-humanbot.com;Room 501, No.45 Ruiji 2nd Street, Huangpu District;Guangzhou;Guangdong;Tech / Robotik;Fensterputzroboter (X1 PLUS);Hersteller;
179;Li-Gong Industrial Co., Ltd (里工);Li-Gong;May Mei;Vice President;+86 158 1243 9195;Tel: +86 20 3639 8816;;May-Mei@li-gong.com;www.li-gong.com;Building 7, No.3 Jiucun West Road, Dalong Street, Panyu District;Guangzhou;Guangdong;Tech / Robotik;Humanoide Roboter, mobile Cobots, Datenerfassung (ChiroSync);Hersteller;
180;Li-Gong Industrial Co., Ltd (里工);Li-Gong;Gary Xie;Overseas Sales Director;+86 155 0184 0099;Tel: +86 20 3639 8816;;gary-xie@li-gong.com;www.li-gong.com;Building 7, No.3 Jiucun West Road, Dalong Street, Panyu District;Guangzhou;Guangdong;Tech / Robotik;Humanoide Roboter, mobile Cobots, Datenerfassung (ChiroSync);Hersteller;2. Kontakt derselben Firma
181;RoboCT Group;RoboCT;Sha Feng (冯砂);Mid-Back Platform Director;+86 185 2140 2820;;WhatsApp: +86 185 2140 2820;fengsha@roboct.com;www.roboct.com;No.1326 West Wenyi Road;Hangzhou;Zhejiang;Tech / Robotik;"Exoskelette (Rücken, Knie; z. B. GoGo-H)";Hersteller;
182;SANY Robotics Technology Co., Ltd;SANY;;;;Hotline: 400 810 0318;;;;No.21 East Factory, Sany Industrial Park, Changsha County, 410100;Changsha;Hunan;Tech / Robotik;nicht sichtbar;Hersteller;Nur Broschürenrückseite, kein Ansprechpartner
183;Suzhou WT Tent Co., Ltd (威斯伯特建筑科技（江苏）有限公司);WT;Chen Yuanguang (陈远光);Leiter Robotik-Abteilung (机器人部经理);+86 198 7445 1382;;WeChat per QR;kongnpc@163.com;tentrug.diytrade.com;No.16 Wuxi Road;Taicang (Suzhou);Jiangsu;Zelte / Robotik;Hallen- und Eventzelte, Indoor-Reinigungsroboter, Elektrowerkzeuge, LED;Hersteller;
184;Ruili M-king Electronic Technology Co., Ltd;M-KING;Lyon;General Manager;+86 133 0242 5588;;WhatsApp / WeChat per QR;admin@m-king.cc;;M-king Electronic Technology Industrial Park, Huanshan Industrial Zone;Ruili;Yunnan;Tech / Audio;Bluetooth- und Party-Lautsprecher;Hersteller;
185;Guangzhou Phimax Electronic Technology Co., Ltd (广州飞曼电子科技有限公司);PHIMAX;Teresa Fan (范嘉琳);Sales Manager (销售经理);+86 199 6627 0912;Tel: +86 20 3893 7810;WhatsApp: +86 199 6627 0912;export2@phimaxtech.com;www.phimaxtech.com;;Guangzhou;Guangdong;Tech / Audio;Party- und Profi-Lautsprecher;Hersteller;Zertifikate ISO 9001, ISO 14001, BSCI, Sedex, Disney
186;GZsinyo (voller Firmenname nicht gedruckt);GEDI-G / DIPAOER;Shirley Jiang;Sales Manager;+86 147 4849 8522;;WhatsApp / WeChat: +86 147 4849 8522;shirley@gzsinyo.com;"www.dipaoer.com; www.gedi-g.com";Room 101, Building 1, East Side, No.29 Tuanjie Road, Tuanjie Village, Xinya Street, Huadu District;Guangzhou;Guangdong;Tech / Audio;Lautsprecher;Hersteller;
187;Guangzhou Panyu Minfu Speaker Factory;Minfu;Boe Zhang;;+86 159 0763 4706;;"WhatsApp / WeChat: +86 159 0763 4706; QQ: 1245537555; Skype: +8615907634706";boe_zhang@126.com;;;Guangzhou (Panyu);Guangdong;Tech / Audio;Lautsprecher;Hersteller;Canton Fair Stand 18.2 F38
188;Audmic Industrial Limited / Shenzhen Ao Lai De Electronic Co., Ltd;AUDMIC;Emily Pang;;+86 191 2934 2196;Tel: +86 755 2646 3631 / Fax: +86 755 2646 5043;;sales5@audmic.com;www.audmic.com;4F, Building 2, Daxinhuada Industrial Park, Gongming, Guangming District;Shenzhen;Guangdong;Tech / Audio;Audio-Produkte;Hersteller;Festnetz-Endung 3631 oder 3831 unsicher
189;Flyball Electronic (Shenzhen) Co., Ltd (福来宝电子（深圳）有限公司);Flyboy;Rachel Zeng (曾艺芬);Sales Assistant (业务助理);+86 157 7903 9178;Tel: +86 752 355 5888-8108;WeChat per QR;trade16@flyball.com.cn;www.flyball.com.cn;;Shenzhen;Guangdong;Tech / Audio;Lautsprecher;Hersteller;Vorwahl 0752 = Huizhou (Werk vermutlich dort)
190;Guangzhou Donghao Audio Co., Ltd (东豪);DongHao;Luke;Sales Manager;+86 132 4631 8013;;"WhatsApp / WeChat: +86 132 4631 8013; QQ: 805404034";805404034@qq.com;;No.28 Yingcai Road, Xinya Street, Huadu District;Guangzhou;Guangdong;Tech / Audio;Party-, Trolley- und Bluetooth-Lautsprecher;Hersteller;
191;Guangzhou Keyuanlong Electric Co., Ltd;CSN;Mandy;Sales Manager;+86 137 1923 1979;;WhatsApp / WeChat: +86 137 1923 1979;sales01@yunkoo.com;www.yunkoo.com;No.7 Gaobian South Street, Dongjing Village, Xinhua Town, Huadu District;Guangzhou;Guangdong;Tech / Audio;Lautsprecher;Hersteller;
192;Guangzhou Hansheng Electrical Appliance Co., Ltd (广州市瀚声电器有限公司);HANSHENG;Candy Ho;;+86 137 5186 7327;;"WeChat: 13751867327; QQ: 116865295";candy@vaudio.com.cn;www.vaudio.com.cn;;Guangzhou;Guangdong;Tech / Audio;Party-Lautsprecher;Hersteller;Kontakt aus Broschüre
193;Guangzhou Hansheng Electrical Appliance Co., Ltd (广州市瀚声电器有限公司);HANSHENG;Jacky Lee;;+86 133 5288 5569;;;"jackylee@vaudio.com.cn; vaudio@vaudio.com.cn";www.vaudio.com.cn;;Guangzhou;Guangdong;Tech / Audio;Party-Lautsprecher;Hersteller;2. Kontakt derselben Firma (Broschüre)
194;Xiamen Four-Faith Communication Technology Co., Ltd;Four-Faith;Alex Qian;Business Development Manager (unsicher);;Tel: +86 592 590 7276;;info@four-faith.com;www.fourfaith.com;11th Floor, A-06 Area, No.370 Chengyi Street, Jimei;Xiamen;Fujian;Tech / IoT;Industrielle 4G/5G-Router, LoRa / NB-IoT, IP-Modems;Hersteller;Persönliche Nummer / E-Mail von Alex Qian nur auf Übersichtsfoto, unleserlich – Kontaktdaten aus Broschüre
195;Hembougkitchen (Firmenname nicht gedruckt);hembougkitchen;Jiang (aus E-Mail abgeleitet);;+86 139 2334 3788;;;jiang@hembougkitchen.com;www.hembougkitchen.com;;;;Haushaltswaren / Möbel;Tragbare Outdoor-Grills, Küchen-, Kleider-, Balkon- und Badschränke aus Edelstahl;Hersteller;Nur Kontaktseite einer Broschüre
196;Dongyang GuanYong Bags Co., Ltd;GUANYONG;Joyce;Sales Manager;+49 163 5197017;;;sales@top-tone.cn;www.coolerbag.net;Building 17, No.889 Shuguang Street, Liushi Street;Dongyang;Zhejiang;Taschen / Textil;Kühltaschen;Hersteller;"Deutsches Büro in Rostock (Mobil deutsche Nummer); BSCI, GRS; Referenz Samsonite"
197;Chembo Blinds Alliance (Guangdong) Sunshade Technology Co., Ltd (诚宝帘盟(广东)遮阳科技有限公司);Chembo;Kitty Lam (林子琪);Sales Manager (销售经理);+86 133 2678 8250;;WeChat: +86 133 2678 8250 / WhatsApp per QR;sales01@chembo.com.cn;;;;Guangdong;Sonnenschutz;Jalousien / Sonnenschutz;Hersteller;"Keine Adresse gedruckt; Website nur als QR"
198;TWS (Qingdao) International Co., Ltd;TWS International;Nancy Sun;General Manager;+86 185 6180 3879;Tel: +86 532 8462 0266 / Fax: +86 532 8462 0299;;"nancy@tws-international.com; sales@tws-international.com";"www.tws-international.com; www.twsnewmaterial.com";B101-B17, No.46 Siliu Zhong Road / 4114-4117 The Hub, No.6 Xiaogang 1st Road;Qingdao;Shandong;Planen / Kunststoff;PVC- und PE-Planen, Abdeckplanen, Betonabdeckmatten;Hersteller;
199;TWS (Qingdao) International Co., Ltd;TWS International;Niko Yan;Sales Manager;+86 186 6977 2269;Tel: +86 532 8462 0266-613 / Fax: +86 532 8462 0299;;"Sales8@tws-international.com; sales@tws-international.com";"www.tws-international.com; www.twsnewmaterial.com";B101-B17, No.46 Siliu Zhong Road / 4114-4117 The Hub, No.6 Xiaogang 1st Road;Qingdao;Shandong;Planen / Kunststoff;PVC- und PE-Planen, Abdeckplanen;Hersteller;2. Kontakt derselben Firma
200;Jiangsu SBA Victory Sporting Goods Co., Ltd;SBA / Victory;Gloria (沈立玉);Sales Manager;+86 173 1566 1105;Tel: +86 523 8629 8478;;caigou@qikaisports.com;"www.sba305.com; quicdvnk.com";No.8 Xinggong Road, Hailing Industrial Park;Taizhou;Jiangsu;Sportgeräte;Basketballanlagen, Sportgeräte;Hersteller;Gleiche Gruppe wie QUICDVNK / Sunyung
201;Sunyung Sports Technic (QUICDVNK);QUICDVNK;Carson Jiang (江黄兵);General Manager;+86 157 5115 1010;;;carsonsport@sba305.com;basketballstand.en.alibaba.com;;Taizhou;Jiangsu;Sportgeräte;Basketballständer, Sportgeräte;Hersteller;Gleiche Gruppe wie SBA Victory
202;Millarco International A/S;millarco (Marken: cozze, BOXER, HOMEit, WORKit, TYZON);Camilla Damsgaard;Key Account Manager;+45 53 50 01 31;Tel: +45 87 43 42 00;;CDN@millarco.com;"www.millarco.com; www.cozzebbq.com";Rokhøj 26, DK-8520;Lystrup;Dänemark;Garten / Outdoor / Werkzeuge;BBQ-Grills (cozze), Werkzeug (WORKit, TYZON), Haushalt (HOMEit);Händler / Markeninhaber;KEINE CHINESISCHE FIRMA (Dänemark)
203;Pemode Furniture;PEMODE / Aida Swings;;;+90 542 613 77 30;;;aidaswings@pemode.com.tr;www.aidaswings.com;Industrial Estate, 1st Str, Nr. 66, 17100;Çanakkale;Türkei;Möbel / Outdoor;Gartenschaukeln aus Iroko-Holz;Hersteller;"KEINE CHINESISCHE FIRMA (Türkei); nur Produktblatt"
204;N'OVEEN;N'OVEEN;;;;;;;www.noveen.pl;;;Polen;Sanitär / Elektro;Elektrische Durchlauferhitzer, Perlatoren (Katalog 2026);Händler / Markeninhaber;"KEINE CHINESISCHE FIRMA (Polen); nur Katalog-Titelseite"
205;Windesign (风行设计);Windesign;Sun Pingfan (孙平凡);Creative Director (创意总监);+86 134 5675 8388;Tel: +86 571 8517 6286;WeChat per QR;windesign_001@126.com;www.windesign.cc;3F, Unit A, Building 6, Xigang Xinjie, Zhenhua Road, Xihu District;Hangzhou;Zhejiang;Design-Dienstleistung;Produkt- und Industriedesign;Dienstleister;Kein Hersteller
