Maschine	KW Fertigung	Nr.	KW Lief.	Auftrag	ANr	AK	Name		Artikelnummer		Masche/Bemerkung	Menge	Stck Pal.	P-Länge	P-Breite	P-Höhe	P-Anzahl
Paletten	2619	1	0	110135	0		VDL Jansen bv		PSCJ003637-0450 /001			2	350	1220	950	1100	1
Paletten	2619	2	2620	110287	0		BITO Lagertechnik		PSC2403x1508    /001			2	100	2450	1550		1
Paletten	2619	3	2620	109931	0		Hellmann Poultry Gmb		PSC45-36-0416   /004			1	100	2420	1050	790	1
Paletten	2619	4	2623	110021	0		Hellmann Poultry Gmb		PSC45-36-0416   /004			5	100	2420	1050	790	1
Paletten	2619	5	2622	109767	0	06/06	GI-RO Technik GmbH &		EWM822x880      /001			48	38	910	850	1300	2
Paletten	2619	6	2622	110017	0		Hellmann Poultry Gmb		PSC45-36-1049   /001			1	100	2415	760	780	1
Paletten	2619	7	2621	110150	0		R. Inauen AG		PSV1995x442     /001			1	100	2050	950		1
Paletten	2619	8	2621	110203	0		Bressers Metaal BV		PSV1160x840     /001			2	125	1200	800	950	1
Paletten	2619	9	2623	110070	0		Big Dutchman		PSF83-50-4400   /001			9	112	1620	1225	1340	1
Paletten	2619	10	0	109971	0		VDL Jansen bv		PSCJ2.5X50X50ZNA/001			8	125	3050	1550	500	1
Paletten	2619	11	2634	110260	0		Hellmann Poultry Gmb		PSC45-36-0868   /001			2	500	1180	800	930	1
Paletten	2619	12	2633	110224	0		Hellmann Poultry Gmb		PSC45-36-0868   /001			2	500	1180	800	930	1
Paletten	2619	13	2610	109576	0	03/05	Big Dutchman		PSF83-07-2880   /002			10	112	1430	1200	1200	1
Paletten	2619	14	2621	110055	0		Urban GmbH & Co.		PSB1631x441     /006			1	50	1680	500		1
Paletten	2619	15	2621	110055	0		Urban GmbH & Co.		PSB1631x441     /004			2	50	1680	500		1
Paletten	2619	16	2621	110055	0		Urban GmbH & Co.		PSB1316x1006    /001			1	50	1400	1100	450	1
Paletten	2619	17	2625	110084	0		Hellmann Poultry Gmb		PSC45-36-0895   /002			1	1000	1100	870	1140	1
Paletten	2619	18	2625	109830	2		Knebusch Rollen GmbH		PSC411x111      /001			3	2100	1200	800	1060	1
Paletten	2619	19	2625	110115	0		Victorsson Poultry A		PSC275008       /002			3	267	1520	1200	675	1
Paletten	2619	20	2622	109969	0		VDL Jansen bv		PSVJ015226-086  /002			10	150	1250	1290	985	1
Paletten	2619	21	2540	109241	0		GI-RO Technik GmbH &		VARIO-995x890   /001			33	30	1100	910	975	2
Paletten	2619	22	2610	109576	0	04/05	Big Dutchman		PSF83-07-2880   /002			10	112	1430	1200	1200	1
Paletten	2619	23	2610	109576	0	01/05	Big Dutchman		PSF83-07-2880   /002			10	112	1430	1200	1200	1
Paletten	2619	24	2610	109576	0	05/05	Big Dutchman		PSF83-07-2880   /002			10	112	1430	1200	1200	1
Paletten	2619	25	2610	109576	0	02/05	Big Dutchman		PSF83-07-2880   /002			10	112	1430	1200	1200	1
Paletten	2619	26	2622	109720	0		Hellmann Poultry Gmb		PSC45-36-0745   /002			1	500	1430	1030	1160	1
Paletten	2619	27	2621	109940	0		Hellmann Poultry Gmb		PSC45-36-0973   /001			1	360	1000	950	1450	1
Paletten	2619	28	2619	109754	4		Hellmann Poultry Gmb		PSC45-36-0597   /003			1	360	1200	1200	1460	1
Paletten	2619	29	2621	109671	0		Hellmann Poultry Gmb		PSC45-36-0777   /002			1	1000	2450	950	1140	1
Paletten	2619	30	2626	109694	0		Big Dutchman		PSB83-09-4833   /001			1	360	1210	1360		1
Paletten	2619	31	2631	109817	0	01/05	Draht Müller GmbH & 		DGB-10KN        /001			27	38	1140	900	1270	1
Paletten	2619	32	0	109895	1		Bressers Metaal BV		PSV740x740      /008			36	250	750	750	1650	1
Paletten	2619	33	0	109895	2		Bressers Metaal BV		PSV740x740      /008			36	250	750	750	1650	1
Paletten	2619	34	2621	109941	0		Hellmann Poultry Gmb		PSC45-36-0073   /006			7	360	1200	1100	1470	1
Paletten	2619	35	2619	109663	1		BITO Lagertechnik		PSV3600x1503    /003			1	55	3630	1060	1670	1
Paletten	2619	37	2622	110194	0		Hellmann Poultry Gmb		PSC45-36-1049   /001			1	100	2415	760	780	1
Paletten	2619	39	0	109895	3		Bressers Metaal BV		PSV740x740      /008			36	250	750	750	1650	1
Paletten	2619	40	2621	109619	0		Big Dutchman		PSC83-01-2361   /002			8	360	1200	830	1460	1
Paletten	2619	41	2621	109708	0		Hellmann Poultry Gmb		PSC45-36-0043   /004			4	360	1200	1050	1490	1
Paletten	2619	42	2621	109708	0		Hellmann Poultry Gmb		PSC45-36-0639   /002			2	360	1200	980	1460	1
Paletten	2619	43	2621	109708	0		Hellmann Poultry Gmb		PSC45-36-0641   /002			2	360	1200	980	1460	1
Paletten	2619	45	2623	109862	0		Hellmann Poultry Gmb		PSC45-36-0928   /002			4	250	1180	1150	900	1
Paletten	2619	46	2620	109902	0		Hellmann Poultry Gmb		PSC45-36-0777   /002			1	1000	2450	950	1140	1
Paletten	2619	47	2624	109612	17		Hellmann Poultry Gmb		PSC45-36-0031   /008			2	360	1200	1200	1460	1
Paletten	2619	48	2620	109973	0		ALPMA Alpenland		PSE2789.036.102 /001			1	100	650	3000	535	1
Paletten	2619	51	2621	109980	0		Hellmann Poultry Gmb		PSC45-36-0908   /002			1	1500	1470	710		1
Paletten	2619	52	2621	109447	2		Hellmann Poultry Gmb		PSC45-36-1292   /002			9	66	910	2800	880	1
Paletten	2619	53	2619	110042	0		VDL Jansen bv		PSVJ003301-202  /002			1	136	1170	1030	1200	1
Paletten	2619	56	2624	110127	0		Intech Installatiebu		PSB2470x1906    /002			4	40	2530	1960	350	1
Paletten	2619	57	2624	110127	0		Intech Installatiebu		PSF2470x1906    /001			2	50	2530	1960	700	1
Paletten	2619	58	2625	110098	0		Hellmann Poultry Gmb		PSC45-36-0777   /002			1	1000	2450	950	1140	1
Paletten	2619	59	2618	110015	0		VDL Jansen bv		PSEJ000636-003  /001			1	100	2050	1530	500	1
Paletten	2619	60	2625	110095	0		Hellmann Poultry Gmb		PSC45-36-0777   /002			1	1000	2450	950	1140	1
Paletten	2619	61	2623	110201	0		Big Dutchman		PSC83-55-4496   /001			2	100	2750	1300	540	1
Paletten	2619	62	2621	109941	0		Hellmann Poultry Gmb		PSC45-36-0590   /002			4	360	1200	1100	1470	1
Paletten	2619	63	2621	109941	0		Hellmann Poultry Gmb		PSC45-36-0589   /002			4	360	1200	1100	1470	1
Paletten	2619	64	2620	109931	0		Hellmann Poultry Gmb		PSC45-36-0777   /002			1	1000	2450	950	1140	1
Paletten	2619	65	2620	109887	0		Hellmann Poultry Gmb		PSC45-36-0777   /002			1	1000	2450	950	1140	1
Paletten	2619	66	2623	109930	0		Hellmann Poultry Gmb		PSC45-36-0777   /002			1	1000	2450	950	1140	1
Paletten	2619	67	2623	109930	0		Hellmann Poultry Gmb		PSC45-36-0928   /002			1	250	1180	1150	900	1
Paletten	2619	68	2624	109929	0		Hellmann Poultry Gmb		PSC45-36-0928   /002			3	250	1180	1150	900	1
Paletten	2619	69	2624	109929	0		Hellmann Poultry Gmb		PSC45-36-0777   /002			1	1000	2450	950	1140	1
Paletten	2619	70	2620	110083	0		VDL Systems B.V.		PSE-VDL-1052269 /002			1	2500	1200	800	1100	1
Paletten	2619	71	0	109951	0	01/05	Bressers Metaal BV		PSV940x200      /005			14	1000	1180	960	880	1
Paletten	2619	72	2620	110083	0		VDL Systems B.V.		PSE1095x155     /001			1	1500	1200	800	800	1
Paletten	2619	73	0	109956	0	01/05	Bressers Metaal BV		PSV1130x1130    /007			11	250	1170	1170	1520	1
Paletten	2619	74	0	109957	0	01/05	Bressers Metaal BV		PSV740x340      /004			15	750	900	750	1630	1
Paletten	2619	75	0	109958	0	01/05	Bressers Metaal BV		PSV1130x530     /002			10	500	1170	1090	1520	1
Paletten	2619	76	2621	109987	0		Hellmann Poultry Gmb		PSC45-36-0583   /001			2	360	1200	1300	1470	1
Paletten	2619	77	2623	110021	0		Hellmann Poultry Gmb		PSC45-36-0777   /002			1	1000	2450	950	1140	1
Paletten	2619	78	2623	110029	0		Hellmann Poultry Gmb		PSC45-36-0777   /002			1	1000	2450	950	1140	1
Paletten	2619	79	2621	110068	0		Big Dutchman		PSC83-07-6069   /002			6	200	1200	650	1200	1
Paletten	2619	80	2624	110051	0		Hellmann Poultry Gmb		PSC45-36-1049   /001			3	100	2415	760	780	1
Paletten	2619	81	2624	110071	0		Hellmann Poultry Gmb		PSC45-36-1049   /001			1	100	2415	760	780	1
Paletten	2619	82	2619	110134	0		Dexion GmbH		PSV2459x399     /001			1	100	2500	850	350	1
Paletten	2619	83	2624	110065	0		Hellmann Poultry Gmb		PSC45-36-0908   /002			1	1500	1470	710		1
Paletten	2619	84	2619	110220	0		BITO Lagertechnik		PSV1950x1250    /007			2	50	2000	1300	350	1
Paletten	2619	85	2621	110243	0		BITO Lagertechnik		PSV2450x1250    /008			4	50	2500	1300	860	1
Paletten	2619	86	2624	110253	0		Big Dutchman		PSC83-55-4496   /001			2	100	2750	1300	540	1
Paletten	2619	87	2624	110250	0		BITO Lagertechnik		PSV2102x702     /001			1	200	2150	750	600	1
Paletten	2620	2	2623	109240	27		Hellmann Poultry Gmb		PSC45-36-0597   /003			1	360	1200	1200	1460	1
Paletten	2620	3	2623	109240	27		Hellmann Poultry Gmb		PSC45-36-0598   /003			1	360	1200	1200	1460	1
Paletten	2620	3	2608	109774	0	03/03	Draht Müller GmbH & 		DGB-3,5KN       /001			13	38	1140	900		1
Paletten	2620	7	2625	109830	2		Knebusch Rollen GmbH		PSC411x99       /001			3	2100	1100	880	1060	1
Paletten	2620	9	2622	109950	0		VDL Jansen bv		PSV1170x418     /001			3	650	1270	1180	1040	1
Paletten	2620	10	2623	109862	0		Hellmann Poultry Gmb		PSC45-36-0777   /002			1	1000	2450	950	1140	1
Paletten	2620	12	2622	109240	31		Hellmann Poultry Gmb		PSC45-36-0597   /003			1	360	1200	1200	1460	1
Paletten	2620	12	2625	110031	0		VDL Jansen bv		PSV1170x418     /001			3	650	1270	1180	1040	1
Paletten	2620	13	2622	109240	31		Hellmann Poultry Gmb		PSC45-36-0598   /003			1	360	1200	1200	1460	1
Paletten	2620	14	2617	109898	2		Bressers Metaal BV		PSV940x940      /021			28	250	950	950	1520	1
Paletten	2620	15	2620	110002	0		WISAG Produktionsser		PSR2000x730     /003			2	125	2050	770	590	1
Paletten	2620	21	2621	109941	0		Hellmann Poultry Gmb		PSC45-36-0571   /001			2	1200	1150	700	1040	1
Paletten	2620	22	2623	109930	0		Hellmann Poultry Gmb		PSC45-36-0416   /004			1	100	2420	1050	790	1
Paletten	2620	23	2623	109930	0		Hellmann Poultry Gmb		PSC45-36-0768   /003			1	400	1200	850	1360	1
Paletten	2620	24	2624	109929	0		Hellmann Poultry Gmb		PSC45-36-0416   /004			2	100	2420	1050	790	1
Paletten	2620	24	2623	110018	0		Hellmann Poultry Gmb		PSC45-36-1049   /001			3	100	2415	760	780	1
Paletten	2620	30	2623	110029	0		Hellmann Poultry Gmb		PSC45-36-0416   /004			2	100	2420	1050	790	1
Paletten	2620	31	2623	108441	76		Hellmann Poultry Gmb		PSC45-36-0648   /004			4	500	1180	820	960	1
Paletten	2620	32	2626	108441	77		Hellmann Poultry Gmb		PSC45-36-0648   /004			1	500	1180	820	960	1
Paletten	2620	33	2626	108441	78		Hellmann Poultry Gmb		PSC45-36-0648   /004			1	500	1180	820	960	1
Paletten	2620	34	2625	108441	80		Hellmann Poultry Gmb		PSC45-36-0648   /004			2	500	1180	820	960	1
Paletten	2620	35	2625	108441	81		Hellmann Poultry Gmb		PSC45-36-0648   /004			2	500	1180	820	960	1
Paletten	2620	36	2627	108441	82		Hellmann Poultry Gmb		PSC45-36-0648   /004			1	500	1180	820	960	1
Paletten	2620	37	2620	110110	0		F. Carl Schröter Gmb		PSE1860x437     /001			1	60	1900	740		1
Paletten	2620	38	0	110078	0		VDL Jansen bv		PSVJ013110-052  /001			1	333	2460	1200	1000	1
Paletten	2620	40	2622	110113	0		BITO Lagertechnik		PSV1503x1300    /002			1	55	1600	1100	1700	1
Paletten	2620	41	2622	110113	0		BITO Lagertechnik		PSV1300x1003    /002			1	55	1380	1100	1200	1
Paletten	2620	43	2624	109447	3		Hellmann Poultry Gmb		PSC45-36-1292   /002			9	66	910	2800	880	1
Paletten	2620	44	2621	110124	0		Courth Edelstahl-App		PSE536x410      /001			1	50	580	460	560	1
Paletten	2620	46	2621	110124	0		Courth Edelstahl-App		PSE306x306      /004			1	10	320	320		1
Paletten	2620	50	2625	110122	0		MIWE Wenz GmbH		PSE2008x2000    /008			1	40	2060	2050	640	1
Paletten	2620	54	2626	108441	86		Hellmann Poultry Gmb		PSC45-36-0648   /004			2	500	1180	820	960	1
Paletten	2620	55	2629	108441	87		Hellmann Poultry Gmb		PSC45-36-0648   /004			1	500	1180	820	960	1
Paletten	2620	56	2631	108441	88		Hellmann Poultry Gmb		PSC45-36-0648   /004			1	500	1180	820	960	1
Paletten	2620	57	2622	110196	0		Hellmann Poultry Gmb		PSC45-36-1049   /001			1	100	2415	760	780	1
Paletten	2620	58	2622	110160	0		VELUX Commercial Pro		PSV2040x1590    /001			1	100	2050	1600		1
Paletten	2620	59	2616	110153	0	01/04	Draht Müller GmbH & 		DGB-3,5KN       /001			10	38	1140	900		1
Paletten	2620	60	2621	109662	6		BITO Lagertechnik		PSV3600x1003    /004			1	55	3630	1060	1170	1
Paletten	2620	61	2621	109663	5		BITO Lagertechnik		PSV3600x1503    /003			4	55	3630	1060	1670	1
Paletten	2620	63	2621	110217	0		BITO Lagertechnik		PSV2000x1503    /006			1	55	2030	1060	1670	1
Paletten	2620	64	2622	110227	0		VELUX Commercial Pro		PSV2290x2140    /001			1	25	4950	2250	300	1
Paletten	2620	65	2627	110212	0		VDL Jansen bv		PSVJ015228-004-1/002			4	500	770	1200	1100	1
Paletten	2620	67	2624	110256	0		Big Dutchman		PSC83-18-0224   /001			2	300	3440	1090	570	1
Paletten	2621	2	2623	109689	0		Big Dutchman		PSC83-51-4801   /001			2	50	1200	450	280	1
Paletten	2621	3	2625	109787	0		Big Dutchman		PSC83-10-7309   /002			1	2000	1050	800	1210	1
Paletten	2621	4	2629	109784	0		Big Dutchman		PSC83-10-7309   /002			2	2000	1050	800	1210	1
Paletten	2621	5	2635	109879	0		Big Dutchman		PSC83-10-7309   /002			2	2000	1050	800	1210	1
Paletten	2621	6	2623	109862	0		Hellmann Poultry Gmb		PSC45-36-0416   /004			3	100	2420	1050	790	1
Paletten	2621	10	0	109970	0		VDL Jansen bv		PSV1170x418     /001			3	650	1270	1180	1040	1
Paletten	2621	11	2624	109240	35		Hellmann Poultry Gmb		PSC45-36-0597   /003			1	360	1200	1200	1460	1
Paletten	2621	12	2622	110228	0		Indu-Light Produktio		PSV6190x2290    /001			4	25	6200	2300	400	1
Paletten	2621	17	0	110078	0		VDL Jansen bv		PSVJ015224-506  /004			4	172	1210	930	1050	1
Paletten	2621	18	2622	110111	0		Big Dutchman		PSC83-19-0853   /002			1	750	950	880	700	1
Paletten	2621	19	2622	110061	0		VELUX Commercial Pro		PSV990x840      /001			1	50	1000	850	400	1
Paletten	2621	22	2623	110018	0		Hellmann Poultry Gmb		PSC45-36-1050   /001			4	300	1250	1020		1
Paletten	2621	23	2623	110018	0		Hellmann Poultry Gmb		PSC45-36-1051   /001			3	400	1250	1100		1
Paletten	2621	49	0	110080	0		VDL Jansen bv		PSCJ015224-482  /001			3	350	1200	950	1045	1
Paletten	2621	164	2622	110059	0		VELUX Commercial Pro		PSV2340x1590    /001			2	50	2350	1600	400	1
Paletten	2621	165	2622	110061	0		VELUX Commercial Pro		PSV2340x1590    /001			2	50	2350	1600	400	1
Paletten	2621	180	2622	110061	0		VELUX Commercial Pro		PSV2340x1290    /001			4	100	2350	1300	400	1
Paletten	2621	181	2622	110061	0		VELUX Commercial Pro		PSV1090x940     /001			1	100	1100	950	400	1
Paletten	2621	183	2624	110101	0		Hellmann Poultry Gmb		PSC45-36-0073   /006			4	360	1200	1100	1470	1
Paletten	2621	184	2625	110115	0		Victorsson Poultry A		PSC170016       /002			3	300	1260	1200	670	1
Paletten	2621	185	2625	110115	0		Victorsson Poultry A		PSC270102       /002			1	400	1400	1210	1080	1
Paletten	2621	186	2623	109662	5		BITO Lagertechnik		PSV3600x1003    /004			1	55	3630	1060	1170	1
Paletten	2621	187	2623	109663	3		BITO Lagertechnik		PSV3600x1503    /003			3	55	3630	1060	1670	1
Paletten	2621	188	2624	110157	0		Big Dutchman		PSF83-50-4400   /001			11	112	1620	1225	1340	1
Paletten	2621	188	2624	110156	0		Big Dutchman		PSC83-07-6069   /002			4	200	1200	650	1200	1
Paletten	2621	189	2623	109659	12		BITO Lagertechnik		PSV2700x1503    /009			8	55	2710	1060	1690	1
Paletten	2621	190	2624	109659	13		BITO Lagertechnik		PSV2700x1503    /009			4	55	2710	1060	1690	1
Paletten	2621	191	2624	109658	5		BITO Lagertechnik		PSV2700x1003    /006			8	55	2730	1060	1170	1
Paletten	2621	192	2622	110214	0		BITO Lagertechnik		PSV1950x500     /005			1	50	2000	550	400	1
Paletten	2621	193	2622	110214	0		BITO Lagertechnik		PSV2682x820     /002			1	50	2730	840	1200	1
Paletten	2621	194	2622	110215	0		BITO Lagertechnik		PSV1100x652     /001			5	100	1150	700	400	1
Paletten	2621	195	2622	110216	0		BITO Lagertechnik		PSV1252x902     /001			3	100	1300	950	360	1
Paletten	2621	196	2622	110219	0		BITO Lagertechnik		PSV2682x1120    /002			1	50	2740	1130	380	1
Paletten	2621	197	2625	110218	0		Big Dutchman		PSF83-50-4400   /001			18	112	1620	1225	1340	1
Paletten	2621	198	2626	109447	6		Hellmann Poultry Gmb		PSC45-36-1292   /002			8	66	910	2800	880	1
Paletten	2621	199	2622	110204	0		Big Dutchman		PSC83-06-4541   /001			1	360	1200	1050	1560	1
Paletten	2621	200	2624	110245	0		BITO Lagertechnik		PSV2102x502     /002			1	200	2150	1050		1
Paletten	2621	201	2627	110212	0		VDL Jansen bv		PSVJ015228-022  /005			1	4200	1180	1260	1040	1
Paletten	2622	6	2627	109695	0		Big Dutchman		PSC83-15-4955   /001			3	250	1200	950	1250	1
Paletten	2622	9	2626	109835	0		Big Dutchman		PSC83-15-9079   /001			7	150	1420	1210	1130	1
Paletten	2622	10	2626	109834	0		Big Dutchman		PSC83-15-9079   /001			7	150	1420	1210	1130	1
Paletten	2622	11	2626	109833	0		Big Dutchman		PSC83-15-9079   /001			7	150	1420	1210	1130	1
Paletten	2622	12	2626	109832	0		Big Dutchman		PSC83-15-9079   /001			7	150	1420	1210	1130	1
Paletten	2622	13	2624	109240	34		Hellmann Poultry Gmb		PSC45-36-0597   /003			1	360	1200	1200	1460	1
Paletten	2622	14	2624	109240	34		Hellmann Poultry Gmb		PSC45-36-0598   /003			1	360	1200	1200	1460	1
Paletten	2622	15	2624	109754	1		Hellmann Poultry Gmb		PSC45-36-0598   /003			1	360	1200	1200	1460	1
Paletten	2622	16	2622	109950	0		VDL Jansen bv		PSV1193x564     /002			13	150	1200	1100	1210	1
Paletten	2622	17	0	109955	0		VDL Jansen bv		PSVJ010188-545  /003			25	72	1200	800	1380	1
Paletten	2622	18	0	109971	0		VDL Jansen bv		PSVJ300600-025  /001			13	150	1200	1020	1200	1
Paletten	2622	25	2623	110021	0		Hellmann Poultry Gmb		PSC45-36-0928   /002			8	250	1180	1150	900	1
Paletten	2622	26	2623	110029	0		Hellmann Poultry Gmb		PSC45-36-0928   /002			3	250	1180	1150	900	1
Paletten	2622	27	2625	109612	21		Hellmann Poultry Gmb		PSC45-36-0031   /008			2	360	1200	1200	1460	1
Paletten	2622	28	2624	110051	0		Hellmann Poultry Gmb		PSC45-36-0768   /003			2	400	1200	850	1360	1
Paletten	2622	29	2624	110047	0		VDL Jansen bv		PSVJ015224-446  /004			3	172	1215	1050	1080	1
Paletten	2622	30	2624	110071	0		Hellmann Poultry Gmb		PSC45-36-0768   /003			1	400	1200	850	1360	1
Paletten	2622	36	2623	110133	0		Robotunits GmbH		PSV1966x1450    /002			16	50	1980	1460	400	1
Paletten	2622	37	2623	110133	0		Robotunits GmbH		PSV1966x977     /002			4	50	1980	990	400	1
Paletten	2622	38	2623	110133	0		Robotunits GmbH		PSV1966x719     /002			8	50	1980	730	400	1
Paletten	2622	39	2623	110133	0		Robotunits GmbH		PSV1966x461     /002			2	50	1980	470	400	1
Paletten	2622	40	2625	110125	0		ALPMA Alpenland		PSE2789.035.103 /001			2	150	770	3000	745	1
Paletten	2622	41	2625	110125	0		ALPMA Alpenland		PSE2789.035.104 /001			3	100	1020	3000	750	1
Paletten	2622	42	2624	110101	0		Hellmann Poultry Gmb		PSC45-36-0589   /002			2	360	1200	1100	1470	1
Paletten	2622	43	2624	110101	0		Hellmann Poultry Gmb		PSC45-36-0590   /002			2	360	1200	1100	1470	1
Paletten	2622	44	2624	110045	0		VDL Jansen bv		PSCJ059479      /002			3	1000	790	1180	800	1
Paletten	2622	46	2624	110077	1		VDL Jansen bv		PSCJ015224-026  /002			3	1000	1150	830	1220	1
Paletten	2622	48	2625	110084	0		Hellmann Poultry Gmb		PSC45-36-0993   /002			1	1000	1250	900	1160	1
Paletten	2622	53	2625	110095	0		Hellmann Poultry Gmb		PSC45-36-0928   /002			3	250	1180	1150	900	1
Paletten	2622	54	2625	110038	0		Hellmann Poultry Gmb		PSC45-36-0993   /002			1	1000	1250	900	1160	1
Paletten	2622	59	2626	110072	0		Hellmann Poultry Gmb		PSC45-36-0928   /002			2	250	1180	1150	900	1
Paletten	2622	60	2626	110073	0		Hellmann Poultry Gmb		PSC45-36-0928   /002			2	250	1180	1150	900	1
Paletten	2622	61	2627	110105	0		Hellmann Poultry Gmb		PSC45-36-0928   /002			2	250	1180	1150	900	1
Paletten	2622	62	2628	110107	0		Hellmann Poultry Gmb		PSC45-36-0928   /002			2	250	1180	1150	900	1
Paletten	2622	63	2624	110192	0		BITO Lagertechnik		PSV2800x1503    /002			1	55	2830	1060	1670	1
Paletten	2622	64	2624	110192	0		BITO Lagertechnik		PSV1503x1400    /002			1	55	1430	1060	1670	1
Paletten	2622	65	2624	110192	0		BITO Lagertechnik		PSV1400x1003    /003			3	55	1430	1060	1170	1
Paletten	2622	66	2624	110192	0		BITO Lagertechnik		PSV2800x1003    /002			1	55	2830	1060	1170	1
Paletten	2622	67	2623	110237	0		VDL Jansen bv		PSVJ300600-025  /001			13	150	1200	1020	1200	1
Paletten	2623	1	0	109895	4		Bressers Metaal BV		PSV740x740      /008			36	250	750	750	1650	1
Paletten	2623	2	2624	109974	0		Hellmann Poultry Gmb		PSC45-36-1049   /001			1	100	2415	760	780	1
Paletten	2623	3	2625	109754	5		Hellmann Poultry Gmb		PSC45-36-0597   /003			1	360	1200	1200	1460	1
Paletten	2623	4	2625	109754	5		Hellmann Poultry Gmb		PSC45-36-0598   /003			1	360	1200	1200	1460	1
Paletten	2623	5	2624	110051	0		Hellmann Poultry Gmb		PSC45-36-1052   /001			5	250	1250	870		1
Paletten	2623	6	2624	110051	0		Hellmann Poultry Gmb		PSC45-36-1053   /001			3	400	950	1250	1330	1
Paletten	2623	7	2624	110071	0		Hellmann Poultry Gmb		PSC45-36-1050   /001			1	300	1250	1020		1
Paletten	2623	8	2625	110098	0		Hellmann Poultry Gmb		PSC45-36-0416   /004			1	100	2420	1050	790	1
Paletten	2623	9	2625	110098	0		Hellmann Poultry Gmb		PSC45-36-1013   /001			1	250	2450	900		1
Paletten	2623	10	2625	110098	0		Hellmann Poultry Gmb		PSC45-36-1012   /002			4	50	2420	925	780	1
Paletten	2623	11	2625	110115	0		Victorsson Poultry A		PSC270101       /001			1	800	1180	900		1
Paletten	2623	12	2625	110096	0		Hellmann Poultry Gmb		PSC45-36-1012   /002			1	50	2420	925	780	1
Paletten	2623	13	2627	110105	0		Hellmann Poultry Gmb		PSC45-36-1012   /002			2	50	2420	925	780	1
Paletten	2623	14	2628	110107	0		Hellmann Poultry Gmb		PSC45-36-1012   /002			2	50	2420	925	780	1
Paletten	2623	15	2625	110084	0		Hellmann Poultry Gmb		PSC45-36-0796   /004			1	150	1550	740	1100	1
Paletten	2623	16	2625	110084	0		Hellmann Poultry Gmb		PSC45-36-0996   /001			1	250	1350	1200	1050	1
Paletten	2623	17	2625	110084	0		Hellmann Poultry Gmb		PSC45-36-0997   /001			1	250	1200	950	870	1
Paletten	2623	20	2625	110095	0		Hellmann Poultry Gmb		PSC45-36-0416   /004			2	100	2420	1050	790	1
Paletten	2623	21	2623	110018	0		Hellmann Poultry Gmb		PSC45-36-0768   /003			2	400	1200	850	1360	1
Paletten	2623	21	2625	110038	0		Hellmann Poultry Gmb		PSC45-36-0996   /001			2	250	1350	1200	1050	1
Paletten	2623	22	2625	110038	0		Hellmann Poultry Gmb		PSC45-36-0997   /001			2	250	1200	950	870	1
Paletten	2623	25	2627	110106	0		Hellmann Poultry Gmb		PSC45-36-1013   /001			1	250	2450	900		1
Paletten	2623	26	2628	110108	0		Hellmann Poultry Gmb		PSC45-36-1013   /001			1	250	2450	900		1
Paletten	2623	27	2625	109754	8		Hellmann Poultry Gmb		PSC45-36-0597   /003			1	360	1200	1200	1460	1
Paletten	2623	28	2625	109754	8		Hellmann Poultry Gmb		PSC45-36-0598   /003			1	360	1200	1200	1460	1
Paletten	2623	29	2626	109754	10		Hellmann Poultry Gmb		PSC45-36-0597   /003			2	360	1200	1200	1460	1
Paletten	2623	30	2626	109754	10		Hellmann Poultry Gmb		PSC45-36-0598   /003			2	360	1200	1200	1460	1
Paletten	2623	31	2624	110158	0		Big Dutchman		PSC83-19-4034   /003			1	750	1200	750	950	1
Paletten	2623	33	2625	110164	0		VELUX Commercial Pro		PSV2440x1890    /001			1	100	2450	1900	400	1
Paletten	2623	34	2625	110164	0		VELUX Commercial Pro		PSV2440x1590    /001			3	100	2450	1600	400	1
Paletten	2623	35	2625	110164	0		VELUX Commercial Pro		PSV2040x1590    /001			1	100	2050	1600		1
Paletten	2623	37	2627	110155	0		Hellmann Poultry Gmb		PSC45-36-0207   /001			1	1250	1350	980	1200	1
Paletten	2623	38	2624	110206	0		Big Dutchman		PSC83-19-4034   /003			1	750	1200	750	950	1
Paletten	2623	39	2625	110200	0		Big Dutchman		PSC83-08-9645   /001			1	3000	1160	1190	940	1
Paletten	2623	40	2628	110246	0		Courth Edelstahl-App		PSE962x962      /001			1	50	1000	1000		1
Paletten	2623	41	2626	110262	0		Sennrich AG		GIDRAX1026x1340 /001			3	38	1155	1350	1030	1
Paletten	2624	1	2627	109614	0		Big Dutchman		PSC83-51-4801   /001			2	50	1200	450	280	1
Paletten	2624	2	2627	109848	1		Big Dutchman		PSC83-01-2361   /002			3	360	1200	830	1460	1
Paletten	2624	3	2627	109848	2		Big Dutchman		PSC83-01-2361   /002			3	360	1200	830	1460	1
Paletten	2624	4	2628	109873	0		Big Dutchman		PSC83-01-2361   /002			3	360	1200	830	1460	1
Paletten	2624	5	2628	109874	0		Big Dutchman		PSC83-01-2361   /002			3	360	1200	830	1460	1
Paletten	2624	8	0	109898	5		Bressers Metaal BV		PSV940x940      /021			28	250	950	950	1520	1
Paletten	2624	9	2625	109972	0		Hellmann Poultry Gmb		PSC45-36-0768   /003			1	400	1200	850	1360	1
Paletten	2624	10	2625	109972	0		Hellmann Poultry Gmb		PSC45-36-1053   /001			1	400	950	1250	1330	1
Paletten	2624	12	2625	109972	0		Hellmann Poultry Gmb		PSC45-36-1049   /001			2	100	2415	760	780	1
Paletten	2624	14	2625	109972	0		Hellmann Poultry Gmb		PSC45-36-1317   /001			1	160	650	1050	1070	1
Paletten	2624	15	2625	110012	0		VDL Jansen bv		PSVJ013110-016  /002			4	250	2500	1000	790	1
Paletten	2624	16	2624	110044	1		VDL Jansen bv		PSVJ300600-025  /001			13	150	1200	1020	1200	1
Paletten	2624	19	2624	110046	1		VDL Jansen bv		PSV1147x385     /001			5	650	1180	1160	1010	1
Paletten	2624	20	2624	110047	0		VDL Jansen bv		PSVJ010188-545  /003			25	72	1200	800	1380	1
Paletten	2624	21	2625	110115	0		Victorsson Poultry A		PSC170044       /002			4	200	1150	1200	845	1
Paletten	2624	23	2626	110147	0		Hellmann Poultry Gmb		PSC45-36-0777   /002			1	1000	2450	950	1140	1
Paletten	2624	24	2626	110057	0		Hellmann Poultry Gmb		PSC45-36-0140   /004			1	500	1280	1020	1140	1
Paletten	2624	25	2626	110057	0		Hellmann Poultry Gmb		PSC45-36-0137   /006			3	500	965	615	1200	1
Paletten	2624	26	2626	110057	0		Hellmann Poultry Gmb		PSC45-36-0136   /005			3	500	965	615	1200	1
Paletten	2624	31	2625	109612	24		Hellmann Poultry Gmb		PSC45-36-0031   /008			2	360	1200	1200	1460	1
Paletten	2624	34	2626	110152	0	01/02	de InkoopConcurrent		PSV2003x1003    /025			18	230	2050	1000	820	1
Paletten	2624	37	2625	110164	0		VELUX Commercial Pro		PSV1440x1090    /001			1	50	1450	1100	400	1
Paletten	2624	40	2625	110239	0		Big Dutchman		PSC83-15-4645   /001			1	400	1200	800	1000	1
Paletten	2624	41	2626	110257	0		Big Dutchman		PSC83-19-7135   /002			1	1500	1200	930	930	1
Paletten	2625	1	2631	109817	0	02/05	Draht Müller GmbH & 		DGB-10KN        /001			27	38	1140	900	1270	1
Paletten	2625	13	2625	110032	0		VDL Jansen bv		PSV1170x418     /001			3	650	1270	1180	1040	1
Paletten	2625	14	2625	110032	0		VDL Jansen bv		PSV1193x564     /002			13	150	1200	1100	1210	1
Paletten	2625	19	2630	109659	11		BITO Lagertechnik		PSV2700x1503    /009			15	55	2710	1060	1690	1
Paletten	2625	20	2625	110098	0		Hellmann Poultry Gmb		PSC45-36-0768   /003			2	400	1200	850	1360	1
Paletten	2625	21	2625	110098	0		Hellmann Poultry Gmb		PSC45-36-0957   /001			4	400	1520	1260		1
Paletten	2625	37	2627	110155	0		Hellmann Poultry Gmb		PSC45-36-0850   /001			2	2200	1200	800	1450	1
Paletten	2625	45	2626	110255	0		Big Dutchman		PSC83-04-5140   /001			6	750	1200	770	950	1
Paletten	2626	1	2629	109818	0		Big Dutchman		PSC83-59-1806   /002			3	200	1260	1030	1050	1
Paletten	2626	3	2630	109658	4		BITO Lagertechnik		PSV2700x1003    /006			3	55	2730	1060	1170	1
Paletten	2626	4	2630	109661	5		BITO Lagertechnik		PSV3300x1503    /003			1	55	3310	1060	1670	1
Paletten	2626	7	2630	110141	0		VDL Jansen bv		PSCJ015224-481  /001			9	350	1200	850	1070	1
Paletten	2626	9	2630	110141	0		VDL Jansen bv		PSVJ012616      /002			2	500	1045	1155	1200	1
Paletten	2626	11	2627	110181	0		Dexion GmbH		PSV2059x499     /001			1	400	2100	1040	800	1
Paletten	2626	36	2627	110155	0		Hellmann Poultry Gmb		PSC45-36-0208   /001			2	600	1350	1200	1160	1
Paletten	2626	189	2628	110173	0		Hellmann Poultry Gmb		PSC45-36-0571   /001			4	1200	1150	700	1040	1
Paletten	2626	191	2627	110155	0		Hellmann Poultry Gmb		PSC45-36-0988   /001			7	360	1400	1100	1460	1
Paletten	2626	197	2627	110241	0		Hellmann Poultry Gmb		PSC45-36-0335   /003			1	500	1340	940	1200	1
Paletten	2627	3	2628	110190	0		R. Inauen AG		PSV2003x1003    /024			2	150	2050	1050	760	1
Paletten	2627	4	2628	110190	0		R. Inauen AG		PSV1803x1003    /004			2	150	1850	1050	760	1
Paletten	2627	5	2628	110176	0		VDL Jansen bv		PSVJ003301-131  /002			3	160	1220	765	1040	1
Paletten	2627	8	2631	110180	0		VDL Jansen bv		PSVJ013110-016  /002			4	250	2500	1000	790	1
Paletten	2627	10	2628	110213	0		BITO Lagertechnik		PSV2800x1503    /002			4	55	2830	1060	1670	1
Paletten	2627	13	2628	110213	0		BITO Lagertechnik		PSV1900x1503    /002			1	55	1930	1060	1670	1
Paletten	2627	14	2628	110213	0		BITO Lagertechnik		PSV1900x1003    /002			1	55	1930	1060	1170	1
Paletten	2627	18	2628	110213	0		BITO Lagertechnik		PSV2000x1003    /007			1	55	2100	1100	800	1
Paletten	2627	19	2629	110248	0		VDL Jansen bv		PSVJ010179-251  /002			1	1000	1500	830	1200	1
Paletten	2628	3	2626	110147	0	01/03	Hellmann Poultry Gmb		PSC45-36-0958   /003			5	400	1120	1250	1330	1
Paletten	2628	43	2653	109843	0		Draht Müller GmbH & 		PSV2700x1003    /006			4	55	2730	1060	1170	1
Paletten	2628	44	2629	110248	0		VDL Jansen bv		PSVJ005200-448  /002			1	1000	1180	1500	800	1
Paletten	2628	45	2629	110248	0		VDL Jansen bv		PSVJ013110-014  /002			1	250	1550	970	790	1
Paletten	2628	46	2629	110248	0		VDL Jansen bv		PSVJ005200-664  /003			1	125	1450	1000	1118	1
Paletten	2629	7	2630	110121	0		GI-RO Technik GmbH &		EWM1922x890     /001			13	38				1
Paletten	2629	16	2620	110240	0		VHV Anlagenbau GmbH		PSF1559x993     /001			2	50	1580	1000		1
Paletten	2630	1	2636	109747	0		Hellmann Poultry Gmb		PSC45-36-1004   /001			6	1200	1200	800	1400	1
Paletten	2630	3	2636	109747	0		Hellmann Poultry Gmb		PSC45-36-0334   /003			7	500	1330	800	800	1
Paletten	2630	8	2631	109947	0		Big Dutchman		PSC83-10-8406   /001			1	2000	1200	800	1100	1
Paletten	2630	13	2635	110058	0		Big Dutchman		PSC83-08-9645   /001			1	3000	1160	1190	940	1
Paletten	2630	14	2633	110118	0		Big Dutchman		PSC83-14-7140   /001			1	1500	1200	1340	1260	1
Paletten	2630	16	2631	110188	0		Hellmann Poultry Gmb		PSC45-36-0955   /001			2	400	1030	1260		1
Paletten	2630	19	2634	110174	0		Big Dutchman		PSC83-13-9092   /003			10	360	1200	1100		1
Paletten	2631	5	0	109953	0	03/05	Bressers Metaal BV		PSV940x400      /005			15	750	1150	970	1530	1
Paletten	2631	6	0	109954	0	03/05	Bressers Metaal BV		PSV940x300      /005			12	750	850	970	1530	1
Paletten	2631	10	2635	110058	0	01/05	Big Dutchman		PSC83-09-1897   /001			14	150	1360	1210	1125	1
Paletten	2632	3	2636	109747	0		Hellmann Poultry Gmb		PSC45-36-0049   /004			19	360	1200	1050	1440	1
Paletten	2633	2	2639	110123	0		Hellmann Poultry Gmb		PSC45-36-0453   /004			1	500	1390	1220	1195	1
Paletten	2645	1	2701	110258	0		Big Dutchman		PSC83-12-0681   /002			2	200	1210	400	360	1
